hash,name
bfa5a81f,package/mod310.tar.gz
d1f8159b,gz/boss.05_boss02_boss.gz
c4ba4e70,gz/boss.20_boss07_grid.gz
ac2d5ba0,gz/demo.demo05.gz
ac2ee75a,gz/demo.demo07.gz
d0434d93,gz/demo.demo08_1.gz
812cfcb1,gz/game_common.gz
502d275c,gz/game_common.story.gz
23f2ec3c,gz/game_common.vs.gz
b5e90582,gz/game_common_sound_bd.gz
26e54372,gz/game_result.story.gz
661b0314,gz/game_result_character.kakeru.gz
a58b44c9,gz/menu1.gz
a58c0aa6,gz/menu2.gz
40c65d24,gz/menu_character_01.gz
40c72301,gz/menu_character_02.gz
49059400,gz/menu_common.gz
33b4aed2,gz/menu_edit1.gz
33b574af,gz/menu_edit2.gz
1ec36905,gz/menu_edit_sound.gz
76b34f3b,gz/menu_edit_sprite.ga_kakeru.gz
b8094359,gz/menu_edit_sprite.ga_natsumi.gz
470b71e3,gz/menu_edit_sprite.gb_pipo6.gz
8cbdd0d7,gz/menu_edit_sprite.gc_hakase.gz
26d5e4d1,gz/menu_edit_sprite.gf_spector.gz
4660d16f,gz/menu_edit_summon.gz
68574588,gz/menu_sound.gz
b58e79dd,gz/menu_story.05_boss02_boss.gz
4a0ef244,gz/menu_story.06_bay01_a.gz
b3a37e56,gz/menu_story.07_bay02_a.gz
3369c96c,gz/menu_story.08_park01_a.gz
30209145,gz/menu_story.11_hangar01_a.gz
11203a8d,gz/menu_story.15_kakeru_spector.gz
bb3e1406,gz/menu_story.15_pipo_spector.gz
0b5fbb5e,gz/menu_story.16_kakeru_goritron.gz
966a6996,gz/menu_story.16_pipo_kakeru.gz
51048e7a,gz/menu_story.17_city01_vr.gz
8ac9360e,gz/menu_story.18_bay01_vr.gz
96c545dd,gz/menu_story.19_park01_vr.gz
a850b2b2,gz/menu_story.20_boss07_grid.gz
e8caf705,gz/menu_title.gz
0bf66c3c,gz/menu_vs.gz
26ae650e,gz/pcchara.blackhiroki.gz
c07d2290,gz/pcchara.blackspector.gz
9e27ff0b,gz/pcchara.chall.gz
68710933,gz/pcchara.goritron.gz
0055ee50,gz/pcchara.hakase.gz
80994d77,gz/pcchara.haruka.gz
3adec3c9,gz/pcchara.hiroki.gz
81135726,gz/pcchara.kakeru.gz
567953a6,gz/pcchara.legend.gz
37ea6850,gz/pcchara.natsumi.gz
cc34da2d,gz/pcchara.pipo6.gz
0a084ad9,gz/pcchara.piposol.gz
4a502f74,gz/pcchara.piposolwork.gz
b672bb0c,gz/pcchara.pipotron_red.gz
ab7ad397,gz/pcchara.spector.gz
cacf88d1,gz/pcchara.vchall.gz
7f687349,gz/pcchara.volcano.gz
7522eae4,gz/pcdress.blackhirokiwear01.gz
7523b0c1,gz/pcdress.blackhirokiwear02.gz
7524769e,gz/pcdress.blackhirokiwear03.gz
12f14ff1,gz/pcdress.blackspectorwear00.gz
12f215ce,gz/pcdress.blackspectorwear01.gz
12f2dbab,gz/pcdress.blackspectorwear02.gz
12f3a188,gz/pcdress.blackspectorwear03.gz
a449977c,gz/pcdress.challwear00.gz
a467bc27,gz/pcdress.challwear12.gz
f907b5a9,gz/pcdress.goritronwear01.gz
f9087b86,gz/pcdress.goritronwear02.gz
f9094163,gz/pcdress.goritronwear03.gz
dbab3f9e,gz/pcdress.hakasewear01.gz
dbac057b,gz/pcdress.hakasewear02.gz
dbaccb58,gz/pcdress.hakasewear03.gz
dbad9135,gz/pcdress.hakasewear04.gz
dbae5712,gz/pcdress.hakasewear05.gz
dbaf1cef,gz/pcdress.hakasewear06.gz
dbafe2cc,gz/pcdress.hakasewear07.gz
dbb0a8a9,gz/pcdress.hakasewear08.gz
dbb16e86,gz/pcdress.hakasewear09.gz
dbc712b2,gz/pcdress.hakasewear10.gz
dbc7d88f,gz/pcdress.hakasewear11.gz
dbc96449,gz/pcdress.hakasewear13.gz
c2ee153d,gz/pcdress.harukawear01.gz
c2eedb1a,gz/pcdress.harukawear02.gz
c2efa0f7,gz/pcdress.harukawear03.gz
c2f066d4,gz/pcdress.harukawear04.gz
c2f12cb1,gz/pcdress.harukawear05.gz
c2f1f28e,gz/pcdress.harukawear06.gz
c2f2b86b,gz/pcdress.harukawear07.gz
c2f37e48,gz/pcdress.harukawear08.gz
c2f44425,gz/pcdress.harukawear09.gz
c309e851,gz/pcdress.harukawear10.gz
c30aae2e,gz/pcdress.harukawear11.gz
c30c39e8,gz/pcdress.harukawear13.gz
04e9bb9f,gz/pcdress.hirokiwear01.gz
04ea817c,gz/pcdress.hirokiwear02.gz
04eb4759,gz/pcdress.hirokiwear03.gz
0507e04a,gz/pcdress.hirokiwear13.gz
ca3b09c7,gz/pcdress.kakeruwear00.gz
ca3bcfa4,gz/pcdress.kakeruwear01.gz
ca3c9581,gz/pcdress.kakeruwear02.gz
ca3d5b5e,gz/pcdress.kakeruwear03.gz
ca3e213b,gz/pcdress.kakeruwear04.gz
ca3ee718,gz/pcdress.kakeruwear05.gz
ca3facf5,gz/pcdress.kakeruwear06.gz
ca4072d2,gz/pcdress.kakeruwear07.gz
ca4138af,gz/pcdress.kakeruwear08.gz
ca41fe8c,gz/pcdress.kakeruwear09.gz
ca57a2b8,gz/pcdress.kakeruwear10.gz
ca586895,gz/pcdress.kakeruwear11.gz
ca59f44f,gz/pcdress.kakeruwear13.gz
ca5aba2c,gz/pcdress.kakeruwear14.gz
ca5b8009,gz/pcdress.kakeruwear15.gz
56bf1024,gz/pcdress.legendwear01.gz
56bfd601,gz/pcdress.legendwear02.gz
56c09bde,gz/pcdress.legendwear03.gz
47b0e616,gz/pcdress.natsumiwear01.gz
47b1abf3,gz/pcdress.natsumiwear02.gz
47b271d0,gz/pcdress.natsumiwear03.gz
47b337ad,gz/pcdress.natsumiwear04.gz
47b3fd8a,gz/pcdress.natsumiwear05.gz
47b4c367,gz/pcdress.natsumiwear06.gz
47b58944,gz/pcdress.natsumiwear07.gz
47b64f21,gz/pcdress.natsumiwear08.gz
47b714fe,gz/pcdress.natsumiwear09.gz
47ccb92a,gz/pcdress.natsumiwear10.gz
47cd7f07,gz/pcdress.natsumiwear11.gz
47cf0ac1,gz/pcdress.natsumiwear13.gz
1a9a2b0b,gz/pcdress.pipo6wear01.gz
1a9af0e8,gz/pcdress.pipo6wear02.gz
1a9bb6c5,gz/pcdress.pipo6wear03.gz
1a9c7ca2,gz/pcdress.pipo6wear04.gz
1a9d427f,gz/pcdress.pipo6wear05.gz
1a9e085c,gz/pcdress.pipo6wear06.gz
1a9ece39,gz/pcdress.pipo6wear07.gz
1a9f9416,gz/pcdress.pipo6wear08.gz
1aa059f3,gz/pcdress.pipo6wear09.gz
1ab5fe1f,gz/pcdress.pipo6wear10.gz
1ab6c3fc,gz/pcdress.pipo6wear11.gz
1ab84fb6,gz/pcdress.pipo6wear13.gz
1ab91593,gz/pcdress.pipo6wear14.gz
1ab9db70,gz/pcdress.pipo6wear15.gz
78356984,gz/pcdress.piposolwear02.gz
78362f61,gz/pcdress.piposolwear03.gz
7836f53e,gz/pcdress.piposolwear04.gz
7837bb1b,gz/pcdress.piposolwear05.gz
783880f8,gz/pcdress.piposolwear06.gz
783946d5,gz/pcdress.piposolwear07.gz
785076bb,gz/pcdress.piposolwear10.gz
78520275,gz/pcdress.piposolwear12.gz
f0b214fa,gz/pcdress.piposolworkwear01.gz
f0b2dad7,gz/pcdress.piposolworkwear02.gz
cc06a343,gz/pcdress.pipotron_bluewear01.gz
cc076920,gz/pcdress.pipotron_bluewear02.gz
cc082efd,gz/pcdress.pipotron_bluewear03.gz
cc24c7ee,gz/pcdress.pipotron_bluewear13.gz
e0ff4f2a,gz/pcdress.pipotron_redwear01.gz
e1001507,gz/pcdress.pipotron_redwear02.gz
e100dae4,gz/pcdress.pipotron_redwear03.gz
e11d73d5,gz/pcdress.pipotron_redwear13.gz
087d7e5b,gz/pcdress.pipotron_yellowwear01.gz
087e4438,gz/pcdress.pipotron_yellowwear02.gz
087f0a15,gz/pcdress.pipotron_yellowwear03.gz
089ba306,gz/pcdress.pipotron_yellowwear13.gz
daad7af8,gz/pcdress.spectorwear00.gz
daae40d5,gz/pcdress.spectorwear01.gz
daaf06b2,gz/pcdress.spectorwear02.gz
daafcc8f,gz/pcdress.spectorwear03.gz
dab0926c,gz/pcdress.spectorwear04.gz
dab15849,gz/pcdress.spectorwear05.gz
dab21e26,gz/pcdress.spectorwear06.gz
dab2e403,gz/pcdress.spectorwear07.gz
dab3a9e0,gz/pcdress.spectorwear08.gz
dab46fbd,gz/pcdress.spectorwear09.gz
daca13e9,gz/pcdress.spectorwear10.gz
dacad9c6,gz/pcdress.spectorwear11.gz
dacc6580,gz/pcdress.spectorwear13.gz
ddc2a90a,gz/pcdress.vchallwear00.gz
ddc36ee7,gz/pcdress.vchallwear01.gz
ddc434c4,gz/pcdress.vchallwear02.gz
ddc4faa1,gz/pcdress.vchallwear03.gz
b3c59dba,gz/pcdress.volcanowear00.gz
b3c66397,gz/pcdress.volcanowear01.gz
b3c72974,gz/pcdress.volcanowear02.gz
b3c7ef51,gz/pcdress.volcanowear03.gz
624f134e,gz/pcgacha.ga.cm.2gn.normal.gz
b6aea84b,gz/pcgacha.ga.cm.2tr.normal.gz
5b1ac5f8,gz/pcgacha.ga.cm.bpk.normal.gz
3f3a9c23,gz/pcgacha.ga.cm.bts.attack.gz
ab84a527,gz/pcgacha.ga.cm.bts.dash.gz
0515ea09,gz/pcgacha.ga.cm.bts.warp.gz
b28dfae0,gz/pcgacha.ga.cm.chb.normal.gz
60dc2280,gz/pcgacha.ga.cm.dcb.normal.gz
01c34ffb,gz/pcgacha.ga.cm.fnl.normal.gz
75675c6f,gz/pcgacha.ga.cm.get.normal.gz
0308dea7,gz/pcgacha.ga.cm.gun.laser.gz
54666f19,gz/pcgacha.ga.cm.gun.machine.gz
b9d09596,gz/pcgacha.ga.cm.gun.shot.gz
04a67254,gz/pcgacha.ga.cm.lnc.beam.gz
2eab06be,gz/pcgacha.ga.cm.lnc.hadoho.gz
e8358a45,gz/pcgacha.ga.cm.lnc.homing.gz
819960b1,gz/pcgacha.ga.cm.lnc.nuclear.gz
220d429b,gz/pcgacha.ga.cm.mcb.kikobo.gz
ba4eae6b,gz/pcgacha.ga.cm.mcb.kodachi.gz
adf77a77,gz/pcgacha.ga.cm.mcb.majo.gz
fad6ba03,gz/pcgacha.ga.cm.mcb.naginata.gz
56b96ed9,gz/pcgacha.ga.cm.mcb.normal.gz
446c0bd9,gz/pcgacha.ga.cm.mcb.rod.gz
fe465c24,gz/pcgacha.ga.cm.rbm.normal.gz
5ec0ec61,gz/pcgacha.ga.cm.vnr.normal.gz
36eab5ae,gz/pcgacha.gam.chall.bts.gz
39a8818a,gz/pcgacha.gam.chall.chb.gz
4badf777,gz/pcgacha.gam.chall.gun.gz
5f87ce8a,gz/pcgacha.gam.chall.lnc.gz
626e9127,gz/pcgacha.gam.chall.mcb.gz
7704fede,gz/pcgacha.gam.chall.rbm.gz
88e872cf,gz/pcgacha.gam.chall.vnr.gz
f175134c,gz/pcgacha.gam.kakeru.2tr.gz
b7624e6d,gz/pcgacha.gam.kakeru.bpk.gz
b7dae119,gz/pcgacha.gam.kakeru.bts.gz
be2bcb15,gz/pcgacha.gam.kakeru.dcb.gz
c7b24dbc,gz/pcgacha.gam.kakeru.fnl.gz
cad93700,gz/pcgacha.gam.kakeru.get.gz
cc9e22e2,gz/pcgacha.gam.kakeru.gun.gz
e077f9f5,gz/pcgacha.gam.kakeru.lnc.gz
e35ebc92,gz/pcgacha.gam.kakeru.mcb.gz
f7f52a49,gz/pcgacha.gam.kakeru.rbm.gz
09d89e3a,gz/pcgacha.gam.kakeru.vnr.gz
719b8a25,gz/pcgacha.gam.natsumi.2gn.gz
38ffa0f7,gz/pcgacha.gam.natsumi.bpk.gz
397833a3,gz/pcgacha.gam.natsumi.bts.gz
494fa046,gz/pcgacha.gam.natsumi.fnl.gz
4c76898a,gz/pcgacha.gam.natsumi.get.gz
4e3b756c,gz/pcgacha.gam.natsumi.gun.gz
62154c7f,gz/pcgacha.gam.natsumi.lnc.gz
64fc0f1c,gz/pcgacha.gam.natsumi.mcb.gz
79927cd3,gz/pcgacha.gam.natsumi.rbm.gz
8b75f0c4,gz/pcgacha.gam.natsumi.vnr.gz
b64b4faa,gz/pcgacha.gb.cm.2tr.drill.gz
e22217b5,gz/pcgacha.gb.cm.2tr.fire.gz
32840edd,gz/pcgacha.gb.cm.bpk.normal.gz
16a3e508,gz/pcgacha.gb.cm.bts.attack.gz
82297794,gz/pcgacha.gb.cm.bts.dash.gz
dbbabc76,gz/pcgacha.gb.cm.bts.warp.gz
38456b65,gz/pcgacha.gb.cm.dcb.normal.gz
d92c98e0,gz/pcgacha.gb.cm.fnl.normal.gz
4cd0a554,gz/pcgacha.gb.cm.get.normal.gz
08db4868,gz/pcgacha.gb.cm.gun.laser.gz
769df832,gz/pcgacha.gb.cm.gun.machine.gz
90756803,gz/pcgacha.gb.cm.gun.shot.gz
db4b44c1,gz/pcgacha.gb.cm.lnc.beam.gz
bf9ed32a,gz/pcgacha.gb.cm.lnc.homing.gz
a3d0e9ca,gz/pcgacha.gb.cm.lnc.nuclear.gz
2e22b7be,gz/pcgacha.gb.cm.mcb.normal.gz
d5afa509,gz/pcgacha.gb.cm.rbm.normal.gz
362a3546,gz/pcgacha.gb.cm.vnr.normal.gz
0963158c,gz/pcgacha.gbm.pipo6.2tr.gz
cf5050ad,gz/pcgacha.gbm.pipo6.bpk.gz
cfc8e359,gz/pcgacha.gbm.pipo6.bts.gz
d619cd55,gz/pcgacha.gbm.pipo6.dcb.gz
dfa04ffc,gz/pcgacha.gbm.pipo6.fnl.gz
e2c73940,gz/pcgacha.gbm.pipo6.get.gz
e48c2522,gz/pcgacha.gbm.pipo6.gun.gz
f865fc35,gz/pcgacha.gbm.pipo6.lnc.gz
fb4cbed2,gz/pcgacha.gbm.pipo6.mcb.gz
0fe32c89,gz/pcgacha.gbm.pipo6.rbm.gz
21c6a07a,gz/pcgacha.gbm.pipo6.vnr.gz
09ed57c2,gz/pcgacha.gc.cm.bpk.normal.gz
ee0d2ded,gz/pcgacha.gc.cm.bts.attack.gz
58ce4a01,gz/pcgacha.gc.cm.bts.dash.gz
b25f8ee3,gz/pcgacha.gc.cm.bts.warp.gz
ea100b56,gz/pcgacha.gc.cm.chn.normal.gz
0faeb44a,gz/pcgacha.gc.cm.dcb.normal.gz
b095e1c5,gz/pcgacha.gc.cm.fnl.normal.gz
2439ee39,gz/pcgacha.gc.cm.get.normal.gz
0eadb229,gz/pcgacha.gc.cm.gun.laser.gz
98d5814b,gz/pcgacha.gc.cm.gun.machine.gz
671a3a70,gz/pcgacha.gc.cm.gun.shot.gz
dfa25c21,gz/pcgacha.gc.cm.hdh.normal.gz
b1f0172e,gz/pcgacha.gc.cm.lnc.beam.gz
97081c0f,gz/pcgacha.gc.cm.lnc.homing.gz
c60872e3,gz/pcgacha.gc.cm.lnc.nuclear.gz
058c00a3,gz/pcgacha.gc.cm.mcb.normal.gz
ad18edee,gz/pcgacha.gc.cm.rbm.normal.gz
0d937e2b,gz/pcgacha.gc.cm.vnr.normal.gz
44b531d1,gz/pcgacha.gcm.hakase.bpk.gz
452dc47d,gz/pcgacha.gcm.hakase.bts.gz
47f4d6b5,gz/pcgacha.gcm.hakase.chn.gz
4b7eae79,gz/pcgacha.gcm.hakase.dcb.gz
55053120,gz/pcgacha.gcm.hakase.fnl.gz
582c1a64,gz/pcgacha.gcm.hakase.get.gz
59f10646,gz/pcgacha.gcm.hakase.gun.gz
5c2855ec,gz/pcgacha.gcm.hakase.hdh.gz
6dcadd59,gz/pcgacha.gcm.hakase.lnc.gz
70b19ff6,gz/pcgacha.gcm.hakase.mcb.gz
85480dad,gz/pcgacha.gcm.hakase.rbm.gz
972b819e,gz/pcgacha.gcm.hakase.vnr.gz
ebbd14c4,gz/pcgacha.gf.cm.2tr.normal.gz
90293271,gz/pcgacha.gf.cm.bpk.normal.gz
7449089c,gz/pcgacha.gf.cm.bts.attack.gz
dcbcc148,gz/pcgacha.gf.cm.bts.dash.gz
364e062a,gz/pcgacha.gf.cm.bts.warp.gz
95ea8ef9,gz/pcgacha.gf.cm.dcb.normal.gz
36d1bc74,gz/pcgacha.gf.cm.fnl.normal.gz
aa75c8e8,gz/pcgacha.gf.cm.get.normal.gz
2024ef6c,gz/pcgacha.gf.cm.gun.laser.gz
ff7c1c96,gz/pcgacha.gf.cm.gun.machine.gz
eb08b1b7,gz/pcgacha.gf.cm.gun.shot.gz
35de8e75,gz/pcgacha.gf.cm.lnc.beam.gz
63b97337,gz/pcgacha.gf.cm.lnc.hadoho.gz
1d43f6be,gz/pcgacha.gf.cm.lnc.homing.gz
2caf0e2e,gz/pcgacha.gf.cm.lnc.nuclear.gz
3354c89d,gz/pcgacha.gf.cm.rbm.normal.gz
0bd3041e,gz/pcgacha.gf.cm.rfb.normal.gz
93cf58da,gz/pcgacha.gf.cm.vnr.normal.gz
d6999c72,gz/pcgacha.gfm.spector.2tr.gz
9c86d793,gz/pcgacha.gfm.spector.bpk.gz
9cff6a3f,gz/pcgacha.gfm.spector.bts.gz
a350543b,gz/pcgacha.gfm.spector.dcb.gz
acd6d6e2,gz/pcgacha.gfm.spector.fnl.gz
affdc026,gz/pcgacha.gfm.spector.get.gz
b1c2ac08,gz/pcgacha.gfm.spector.gun.gz
c59c831b,gz/pcgacha.gfm.spector.lnc.gz
dd19b36f,gz/pcgacha.gfm.spector.rbm.gz
dd8396b4,gz/pcgacha.gfm.spector.rfb.gz
eefd2760,gz/pcgacha.gfm.spector.vnr.gz
bc4ba7a4,gz/pcgacha.gh.cm.robo_l.piposol.gz
f0a16a39,gz/pcgacha.gh.cm.robo_l.piposol01.gz
67b7e6bf,gz/pcgacha.gh.cm.robo_m.ac.gz
21be18e1,gz/pcgacha.gh.cm.robo_m.piposol.gz
71a0f96e,gz/pcgacha.gh.cm.robo_m.piposol01.gz
fd4b2b75,gz/pcgacha.gh.cm.robo_s.ac.gz
826cc04f,gz/pcgacha.gh.cm.robo_s.piposol.gz
779e54ac,gz/pcgacha.gh.cm.robo_s.piposol01.gz
58982b3d,gz/pcgacha.gh.cm.tank_l.piposol01.gz
bacdd2d3,gz/pcgacha.gh.cm.tank_m.ac.gz
279d8d85,gz/pcgacha.gh.cm.tank_m.piposol.gz
d997ba72,gz/pcgacha.gh.cm.tank_m.piposol01.gz
50611789,gz/pcgacha.gh.cm.tank_s.ac.gz
884c34f3,gz/pcgacha.gh.cm.tank_s.piposol.gz
df9515b0,gz/pcgacha.gh.cm.tank_s.piposol01.gz
4bb6332d,gz/pcgacha.ghm.cm.robo_l.gz
4bb6f90a,gz/pcgacha.ghm.cm.robo_m.gz
4bbb9c38,gz/pcgacha.ghm.cm.robo_s.gz
952da051,gz/pcgacha.ghm.cm.tank_l.gz
952e662e,gz/pcgacha.ghm.cm.tank_m.gz
9533095c,gz/pcgacha.ghm.cm.tank_s.gz
5dd65f79,gz/pcmagic.goritron_hissatsu_meca_a.gz
5dd72556,gz/pcmagic.goritron_hissatsu_meca_b.gz
5dd7eb33,gz/pcmagic.goritron_hissatsu_meca_c.gz
5dd8b110,gz/pcmagic.goritron_hissatsu_meca_d.gz
9dd599bc,gz/pcmagic.kakeru_hissatsu_meca_a.gz
9dd65f99,gz/pcmagic.kakeru_hissatsu_meca_b.gz
9dd72576,gz/pcmagic.kakeru_hissatsu_meca_c.gz
9dd7eb53,gz/pcmagic.kakeru_hissatsu_meca_d.gz
e9b70472,gz/pcmagic.spector_hissatsu_meca_b.gz
e9bae1c3,gz/pcmagic.spector_hissatsu_meca_g.gz
e9bc6d7d,gz/pcmagic.spector_hissatsu_meca_i.gz
5a29d625,gz/pcsebd.kakeru.gz
02819180,gz/pcsebd.pipo6.gz
0bbb2e72,gz/pcsebd.spector.gz
a3e607d0,gz/pcsebd.vchall.gz
15cde403,gz/pokepi.pokepi_suzuki.gz
6204b9b8,gz/stage.05_boss02_boss.gz
0ae71645,gz/stage.05_boss02_boss_bd.gz
6dbfe516,gz/stage.06_bay01_a.area0.gz
6dc0aaf3,gz/stage.06_bay01_a.area1.gz
132977cf,gz/stage.06_bay01_a.gz
3de6e320,gz/stage.06_bay01_a_bd.gz
aa9b9f38,gz/stage.07_bay02_a.area0.gz
aa9c6515,gz/stage.07_bay02_a.area1.gz
7cbe03e1,gz/stage.07_bay02_a.gz
b2eda8aa,gz/stage.07_bay02_a_bd.gz
af3b006a,gz/stage.08_park01_a.area0.gz
af3bc647,gz/stage.08_park01_a.area1.gz
443f1683,gz/stage.08_park01_a.gz
40b16884,gz/stage.08_park01_a_bd.gz
6c3d81f3,gz/stage.11_hangar01_a.area0.gz
6c3e47d0,gz/stage.11_hangar01_a.area1.gz
34c9d144,gz/stage.11_hangar01_a.gz
aa2b2621,gz/stage.11_hangar01_a_bd.gz
f258e19c,gz/stage.15_kakeru_spector.gz
663ffa19,gz/stage.15_kakeru_spector_bd.gz
a8554ead,gz/stage.15_pipo_spector.gz
c11836c6,gz/stage.15_pipo_spector_bd.gz
988fe089,gz/stage.16_kakeru_goritron.gz
35e66db2,gz/stage.16_kakeru_goritron_bd.gz
42e0a971,gz/stage.16_pipo_kakeru.gz
683e65fa,gz/stage.16_pipo_kakeru_bd.gz
bfd8b2cd,gz/stage.17_city01_vr.gz
29924666,gz/stage.17_city01_vr_bd.gz
9b9e8325,gz/stage.18_bay01_vr.gz
1caada5e,gz/stage.18_bay01_vr_bd.gz
05996a30,gz/stage.19_park01_vr.gz
ae0fc5dd,gz/stage.19_park01_vr_bd.gz
54c6f28d,gz/stage.20_boss07_grid.gz
124e0f26,gz/stage.20_boss07_grid_bd.gz
386e651e,gz/stage.52_metro.gz
75058b53,gz/stage.52_metro_bd.gz
e26be19c,gz/stage.53_bay.gz
45a6fa19,gz/stage.53_bay_bd.gz
c3ed6a2b,gz/stage.54_UFO.gz
a08fe88c,gz/stage.54_UFO_bd.gz
b62dd048,gz/stage.55_park.gz
50bc6095,gz/stage.55_park_bd.gz
0554de4c,gz/stage.56_daiba.gz
b33c8e09,gz/stage.56_daiba_bd.gz
91ae8819,gz/stage.58_UFO2.gz
dc4ee502,gz/stage.58_UFO2_bd.gz
dbcaffb0,gz/system.gz
bee9555d,gz/system_bd.gz
b2af2207,gz/team.pipotron.gz
83033ac6,gz/credit.gz
5ee9be4a,gz/game_result.vs.gz
0b229e14,gz/game_result_character.blackhiroki.gz
c549606e,gz/game_result_character.blackspector.gz
0c2148e1,gz/game_result_character.chall.gz
65a0f965,gz/game_result_character.haruka.gz
3b80ff94,gz/game_result_character.legend.gz
520641b6,gz/game_result_character.natsumi.gz
3a2e2403,gz/game_result_character.pipo6.gz
941f7953,gz/game_result_character.pipotron_yellow.gz
afd734bf,gz/game_result_character.vchall.gz
99844caf,gz/game_result_character.volcano.gz
cce34339,gz/menu_edit_sarubook_in_pipo6.gz
05a8dc3c,gz/menu_edit_sprite.ga_chall.gz
44323aad,gz/pcchara.pipotron_yellow.gz
a44a5d59,gz/pcdress.challwear01.gz
a44b2336,gz/pcdress.challwear02.gz
a44be913,gz/pcdress.challwear03.gz
a44caef0,gz/pcdress.challwear04.gz
a44d74cd,gz/pcdress.challwear05.gz
a44e3aaa,gz/pcdress.challwear06.gz
a44f0087,gz/pcdress.challwear07.gz
a44fc664,gz/pcdress.challwear08.gz
a4508c41,gz/pcdress.challwear09.gz
a466306d,gz/pcdress.challwear10.gz
a466f64a,gz/pcdress.challwear11.gz
a4688204,gz/pcdress.challwear13.gz
9c75a642,gz/pcgacha.ga.cm.lnc.arrow.gz
36722302,gz/pcgacha.gam.chall.bpk.gz
46c22251,gz/pcgacha.gam.chall.fnl.gz
49e90b95,gz/pcgacha.gam.chall.get.gz
c013db5a,gz/pcgacha.gam.haruka.bts.gz
d4d71d23,gz/pcgacha.gam.haruka.gun.gz
e8b0f436,gz/pcgacha.gam.haruka.lnc.gz
eb97b6d3,gz/pcgacha.gam.haruka.mcb.gz
002e248a,gz/pcgacha.gam.haruka.rbm.gz
1211987b,gz/pcgacha.gam.haruka.vnr.gz
2f731c6e,gz/pcgacha.gd.cm.bts.dash.gz
14801bea,gz/pcgacha.gd.cm.gun.laser.gz
dcf54988,gz/pcgacha.gd.cm.mcb.normal.gz
848236d3,gz/pcgacha.gd.cm.rbm.normal.gz
e4fcc710,gz/pcgacha.gd.cm.vnr.normal.gz
9e4f8684,gz/pcgacha.gdm.pipotron.bts.gz
b312c84d,gz/pcgacha.gdm.pipotron.gun.gz
c9d361fd,gz/pcgacha.gdm.pipotron.mcb.gz
de69cfb4,gz/pcgacha.gdm.pipotron.rbm.gz
f04d43a5,gz/pcgacha.gdm.pipotron.vnr.gz
e23d7d81,gz/pcgacha.gf.cm.lcb.normal.gz
f328c22c,gz/pcmagic.blackhiroki_hissatsu_meca_a.gz
f3298809,gz/pcmagic.blackhiroki_hissatsu_meca_b.gz
f32a4de6,gz/pcmagic.blackhiroki_hissatsu_meca_c.gz
f32b13c3,gz/pcmagic.blackhiroki_hissatsu_meca_d.gz
615a10f6,gz/pcmagic.blackspector_hissatsu_meca_a.gz
615b9cb0,gz/pcmagic.blackspector_hissatsu_meca_c.gz
615c628d,gz/pcmagic.blackspector_hissatsu_meca_d.gz
615d286a,gz/pcmagic.blackspector_hissatsu_meca_e.gz
615dee47,gz/pcmagic.blackspector_hissatsu_meca_f.gz
615f7a01,gz/pcmagic.blackspector_hissatsu_meca_h.gz
61603fde,gz/pcmagic.blackspector_hissatsu_meca_i.gz
850b0a93,gz/pcmagic.chall_hissatsu_meca_c.gz
850bd070,gz/pcmagic.chall_hissatsu_meca_d.gz
850c964d,gz/pcmagic.chall_hissatsu_meca_e.gz
850d5c2a,gz/pcmagic.chall_hissatsu_meca_f.gz
850e2207,gz/pcmagic.chall_hissatsu_meca_g.gz
d74d85cd,gz/pcmagic.haruka_hissatsu_meca_a.gz
d74e4baa,gz/pcmagic.haruka_hissatsu_meca_b.gz
d74f1187,gz/pcmagic.haruka_hissatsu_meca_c.gz
d74fd764,gz/pcmagic.haruka_hissatsu_meca_d.gz
f549763c,gz/pcmagic.legend_hissatsu_meca_a.gz
f54b01f6,gz/pcmagic.legend_hissatsu_meca_c.gz
f54bc7d3,gz/pcmagic.legend_hissatsu_meca_d.gz
f54c8db0,gz/pcmagic.legend_hissatsu_meca_e.gz
2a9804eb,gz/pcmagic.natsumi_hissatsu_meca_b.gz
2a98cac8,gz/pcmagic.natsumi_hissatsu_meca_c.gz
2a9990a5,gz/pcmagic.natsumi_hissatsu_meca_d.gz
2a9a5682,gz/pcmagic.natsumi_hissatsu_meca_e.gz
ee82bcef,gz/pcmagic.pipo6_hissatsu_meca_e.gz
ee8382cc,gz/pcmagic.pipo6_hissatsu_meca_f.gz
ee8448a9,gz/pcmagic.pipo6_hissatsu_meca_g.gz
ee850e86,gz/pcmagic.pipo6_hissatsu_meca_h.gz
a7a951eb,gz/pcmagic.pipotron_yellow_hissatsu_meca_a.gz
a7aa17c8,gz/pcmagic.pipotron_yellow_hissatsu_meca_b.gz
a7aadda5,gz/pcmagic.pipotron_yellow_hissatsu_meca_c.gz
a7aba382,gz/pcmagic.pipotron_yellow_hissatsu_meca_d.gz
7a5dba61,gz/pcmagic.vchall_hissatsu_meca_c.gz
7a5f461b,gz/pcmagic.vchall_hissatsu_meca_e.gz
7a600bf8,gz/pcmagic.vchall_hissatsu_meca_f.gz
7a60d1d5,gz/pcmagic.vchall_hissatsu_meca_g.gz
a062bd3b,gz/pcmagic.volcano_hissatsu_meca_e.gz
a0638318,gz/pcmagic.volcano_hissatsu_meca_f.gz
a06448f5,gz/pcmagic.volcano_hissatsu_meca_g.gz
a0650ed2,gz/pcmagic.volcano_hissatsu_meca_h.gz
e929f539,gz/pcsebd.blackhiroki.gz
dc58f8c7,gz/pcsebd.blackspector.gz
d474b65e,gz/pcsebd.chall.gz
59afcc76,gz/pcsebd.haruka.gz
2f8fd2a5,gz/pcsebd.legend.gz
982ac32b,gz/pcsebd.natsumi.gz
7cd27b28,gz/pcsebd.pipotron_yellow.gz
dfa8ce24,gz/pcsebd.volcano.gz
cc3052f2,gz/stage.60_k1.gz
3f73ff57,gz/stage.60_k1_bd.gz
b9d8cde1,gz/victory.col.chall.gz
81a13c14,gz/victory.col.kakeru.gz
eeb52f65,gz/pcchara.pipotron_blue.gz
0617eedb,gz/pcgacha.ge.cm.bts.dash.gz
be814614,gz/pcgacha.ge.cm.dcb.normal.gz
5f39bc08,gz/pcgacha.ge.cm.lnc.beam.gz
b45e926d,gz/pcgacha.ge.cm.mcb.normal.gz
bc660ff5,gz/pcgacha.ge.cm.vnr.normal.gz
a1aef6ea,gz/pcgacha.gem.goritron.bts.gz
a7ffe0e6,gz/pcgacha.gem.goritron.dcb.gz
ca4c0fc6,gz/pcgacha.gem.goritron.lnc.gz
cd32d263,gz/pcgacha.gem.goritron.mcb.gz
f3acb40b,gz/pcgacha.gem.goritron.vnr.gz
b17e9043,gz/pcmagic.hakase_hissatsu_meca_b.gz
b17f5620,gz/pcmagic.hakase_hissatsu_meca_c.gz
b1801bfd,gz/pcmagic.hakase_hissatsu_meca_d.gz
b180e1da,gz/pcmagic.hakase_hissatsu_meca_e.gz
ee7fa57b,gz/pcmagic.pipo6_hissatsu_meca_a.gz
ee806b58,gz/pcmagic.pipo6_hissatsu_meca_b.gz
ee813135,gz/pcmagic.pipo6_hissatsu_meca_c.gz
ee81f712,gz/pcmagic.pipo6_hissatsu_meca_d.gz
302b6873,gz/pcmagic.pipotron_blue_hissatsu_meca_a.gz
302c2e50,gz/pcmagic.pipotron_blue_hissatsu_meca_b.gz
302cf42d,gz/pcmagic.pipotron_blue_hissatsu_meca_c.gz
302dba0a,gz/pcmagic.pipotron_blue_hissatsu_meca_d.gz
0cc4e272,gz/pcmagic.pipotron_red_hissatsu_meca_a.gz
0cc5a84f,gz/pcmagic.pipotron_red_hissatsu_meca_b.gz
0cc66e2c,gz/pcmagic.pipotron_red_hissatsu_meca_c.gz
0cc73409,gz/pcmagic.pipotron_red_hissatsu_meca_d.gz
51be2ada,gz/pcsebd.goritron.gz
d96c6d4f,gz/pcsebd.hakase.gz
f57b2558,gz/pcsebd.pipotron_blue.gz
d24e9143,gz/pcsebd.pipotron_red.gz
fce0d095,gz/boss.01_boss01_gori01.gz
0a23a5bd,gz/boss.03_city02_a.gz
ce3a6f7c,gz/boss.10_boss03_fly.gz
71fa643a,gz/boss.21_stadium_b.gz
be275a63,gz/boss.25_boss08_boss.gz
b24d0148,gz/boss.27_city02_b.gz
e8d1b6f8,gz/boss.29_boss09_boss.gz
fc039ded,gz/boss.31_boss10_boss.gz
ac2a442c,gz/demo.demo01.gz
ac2b0a09,gz/demo.demo02.gz
bb98c76a,gz/demo.demo03_1.gz
bb998d47,gz/demo.demo03_2.gz
ac46dd1d,gz/demo.demo11.gz
ac4868d7,gz/demo.demo13.gz
ac4c4628,gz/demo.demo18.gz
ac643beb,gz/demo.demo22.gz
ac65c7a5,gz/demo.demo24.gz
ac668d82,gz/demo.demo25.gz
0c1ef587,gz/menu_story.01_boss01_gori01.gz
9248f341,gz/menu_story.02_city01_a.gz
3ff56be7,gz/menu_story.03_city02_a.gz
65ad7359,gz/menu_story.04_metro01_a.gz
f76856c5,gz/menu_story.09_stadium_a.gz
9d072616,gz/menu_story.10_boss03_fly.gz
394c084c,gz/menu_story.21_stadium_b.gz
3c2b7acd,gz/menu_story.22_park01_b.gz
70ef3ae1,gz/menu_story.23_bay02_b.gz
d23f9149,gz/menu_story.24_bay01_b.gz
a1bdbea5,gz/menu_story.25_boss08_boss.gz
b18cbcf2,gz/menu_story.26_metro01_b.gz
e81ec772,gz/menu_story.27_city02_b.gz
8d870a6e,gz/menu_story.28_city01_b.gz
cc681b3a,gz/menu_story.29_boss09_boss.gz
4e9656ac,gz/menu_story.30_daiba02_b.gz
df9a022f,gz/menu_story.31_boss10_boss.gz
7834a3a7,gz/pcdress.piposolwear01.gz
783a0cb2,gz/pcdress.piposolwear08.gz
783ad28f,gz/pcdress.piposolwear09.gz
78513c98,gz/pcdress.piposolwear11.gz
7852c852,gz/pcdress.piposolwear13.gz
c22b1c48,gz/pcgacha.gh.cm.tank_l.piposol.gz
b37c4b81,gz/pokepi.pokepi_kuro_a.gz
b37d115e,gz/pokepi.pokepi_kuro_b.gz
d1d224eb,gz/pokepi.pokepi_pierre.gz
507a6faa,gz/stage.01_boss01_gori01.gz
7b88622f,gz/stage.01_boss01_gori01_bd.gz
a33e38a7,gz/stage.02_city01_a.area0.gz
a33efe84,gz/stage.02_city01_a.area1.gz
a31e4058,gz/stage.02_city01_a.gz
e2896e65,gz/stage.02_city01_a_bd.gz
2ae832fd,gz/stage.03_city02_a.area0.gz
2ae8f8da,gz/stage.03_city02_a.area1.gz
2ae9beb7,gz/stage.03_city02_a.area2.gz
50cab8fe,gz/stage.03_city02_a.gz
894553b3,gz/stage.03_city02_a_bd.gz
0f6b499b,gz/stage.04_metro01_a.area0.gz
0f6c0f78,gz/stage.04_metro01_a.area1.gz
d48197ac,gz/stage.04_metro01_a.gz
f77f75e9,gz/stage.04_metro01_a_bd.gz
663c7b18,gz/stage.09_stadium_a.gz
96d7e625,gz/stage.09_stadium_a_bd.gz
a1b06615,gz/stage.10_boss03_fly.gz
1dbe738e,gz/stage.10_boss03_fly_bd.gz
a8202c9f,gz/stage.21_stadium_b.gz
b0050ab0,gz/stage.21_stadium_b_bd.gz
d9512593,gz/stage.22_park01_b.area0.gz
d951eb70,gz/stage.22_park01_b.area1.gz
4d00c7e4,gz/stage.22_park01_b.gz
dd672e41,gz/stage.22_park01_b_bd.gz
a4bb485b,gz/stage.23_bay02_b.area0.gz
a4bc0e38,gz/stage.23_bay02_b.area1.gz
3a09c06c,gz/stage.23_bay02_b.gz
656663a9,gz/stage.23_bay02_b_bd.gz
16b22003,gz/stage.24_bay01_b.area0.gz
16b2e5e0,gz/stage.24_bay01_b.area1.gz
9b5a16d4,gz/stage.24_bay01_b.gz
3a3f0371,gz/stage.24_bay01_b_bd.gz
4e33fe80,gz/stage.25_boss08_boss.gz
4fa35eed,gz/stage.25_boss08_boss_bd.gz
fcc6f2bc,gz/stage.26_metro01_b.area0.gz
fcc7b899,gz/stage.26_metro01_b.area1.gz
2060e145,gz/stage.26_metro01_b.gz
4ae4bbfe,gz/stage.26_metro01_b_bd.gz
ab29b320,gz/stage.27_city02_b.area0.gz
ab2a78fd,gz/stage.27_city02_b.area1.gz
ab2b3eda,gz/stage.27_city02_b.area2.gz
f8f41489,gz/stage.27_city02_b.gz
886b51b2,gz/stage.27_city02_b_bd.gz
67eecafc,gz/stage.28_city01_b.area0.gz
67ef90d9,gz/stage.28_city01_b.area1.gz
9e5c5785,gz/stage.28_city01_b.gz
8ef9113e,gz/stage.28_city01_b_bd.gz
78de5b15,gz/stage.29_boss09_boss.gz
3df3f48e,gz/stage.29_boss09_boss_bd.gz
710565c6,gz/stage.30_daiba02_b.area0.gz
71062ba3,gz/stage.30_daiba02_b.area1.gz
7106f180,gz/stage.30_daiba02_b.area2.gz
bd6a7aff,gz/stage.30_daiba02_b.gz
3f7a9390,gz/stage.30_daiba02_b_bd.gz
8c10420a,gz/stage.31_boss10_boss.gz
36c2df0f,gz/stage.31_boss10_boss_bd.gz
30179100,gz/boss.13_boss04_gori02.gz
c596acfd,gz/game_result_character.spector.gz
d9325ec3,gz/menu_story.12_hangar02_a.gz
3f55b5f2,gz/menu_story.13_boss04_gori02.gz
5db3d7dc,gz/menu_story.14_elevator_a.gz
e9ba1be6,gz/pcmagic.spector_hissatsu_meca_f.gz
e9bba7a0,gz/pcmagic.spector_hissatsu_meca_h.gz
66d43e2c,gz/pcmagic.spector_hissatsu_meca_last.gz
dddb9ec2,gz/stage.12_hangar02_a.gz
51ab81e7,gz/stage.12_hangar02_a_bd.gz
83b13015,gz/stage.13_boss04_gori02.gz
d3ded58e,gz/stage.13_boss04_gori02_bd.gz
146f0e82,gz/stage.14_elevator_a.area0.gz
146fd45f,gz/stage.14_elevator_a.area1.gz
14709a3c,gz/stage.14_elevator_a.area2.gz
625d17db,gz/stage.14_elevator_a.gz
57a1497c,gz/stage.14_elevator_a_bd.gz
1e0b1154,gz/victory.vs.chall.gz
8c89ff38,gz/victory.vs.goritron.gz
7c2792dd,gz/victory.vs.hakase.gz
fc6af204,gz/victory.vs.haruka.gz
b6b06856,gz/victory.vs.hiroki.gz
fce4fbb3,gz/victory.vs.kakeru.gz
d24af833,gz/victory.vs.legend.gz
1d3730b1,gz/victory.vs.natsumi.gz
4c17ec76,gz/victory.vs.pipo6.gz
3d2607a7,gz/victory.vs.pipotron.gz
90c79bf8,gz/victory.vs.spector.gz
64b53baa,gz/victory.vs.volcano.gz
e55d9a3e,gz/game_result_character.hakase.gz
a03a207b,gz/game_result_character.pipotron_blue.gz
bb3ef8ea,gz/game_result_character.pipotron_red.gz
cfeb47fd,gz/pcgacha.gam.haruka.fnl.gz
3dbf0cdd,gz/pcgacha.gd.cm.gun.shot.gz
b17dca66,gz/pcmagic.hakase_hissatsu_meca_a.gz
2a973f0e,gz/pcmagic.natsumi_hissatsu_meca_a.gz
e9b63e95,gz/pcmagic.spector_hissatsu_meca_a.gz
e9b7ca4f,gz/pcmagic.spector_hissatsu_meca_c.gz
e9b8902c,gz/pcmagic.spector_hissatsu_meca_d.gz
e9b95609,gz/pcmagic.spector_hissatsu_meca_e.gz
b1ced5e5,gz/stage.50_k1.gz
74100a1e,gz/stage.50_k1_bd.gz
d311f52f,gz/stage.51_city.gz
d215ff00,gz/stage.51_city_bd.gz
ba0306ea,gz/stage.57_k1death.gz
b2d7346f,gz/stage.57_k1death_bd.gz
02debd4d,gz/stage.61_k1death.gz
abddd6e6,gz/stage.61_k1death_bd.gz
5f3e45f1,gz/victory.col.goritron.gz
00e3d33e,gz/victory.col.hakase.gz
81273265,gz/victory.col.haruka.gz
3b6ca8b7,gz/victory.col.hiroki.gz
57073894,gz/victory.col.legend.gz
4c6c7eb6,gz/victory.col.natsumi.gz
e7e5a903,gz/victory.col.pipo6.gz
0fda4e60,gz/victory.col.pipotron.gz
bffce9fd,gz/victory.col.spector.gz
93ea89af,gz/victory.col.volcano.gz
ac2e217d,gz/demo.demo06.gz
ac47a2fa,gz/demo.demo12.gz
ac49f491,gz/demo.demo15.gz
ac4d0c05,gz/demo.demo19.gz
ac6501c8,gz/demo.demo23.gz
ac67535f,gz/demo.demo26.gz
60ecf8b2,gz/demo.demo16_1.gz
d3123141,gz/pcgacha.gam.haruka.get.gz
e10efe5a,gz/demo.demo20_2.gz
2aadb450,gz/pcgacha.gh.cm.robo_l.slime.gz
3e036ed5,gz/pcgacha.gh.cm.robo_m.slime.gz
070af1d7,gz/pcmagic.kakeru_hissatsu_meca_last.gz
78538e2f,gz/pcdress.piposolwear14.gz
4a821ebd,gz/pokepi.pokepi_jun.gz
f3216c72,gz/pokepi.pokepi_ricky.gz
c02580e9,gz/pcmagic.blackspector_hissatsu_meca_last.gz
8e270ce0,gz/pcmagic.chall_hissatsu_meca_last.gz
6cafc699,gz/pcmagic.hakase_hissatsu_meca_last.gz
ec3ad184,gz/pcmagic.haruka_hissatsu_meca_last.gz
e2e301ce,gz/pcmagic.hiroki_hissatsu_meca_last.gz
8e6ec3a1,gz/pcmagic.natsumi_hissatsu_meca_last.gz
84e110ba,gz/pcmagic.pipo6_hissatsu_meca_last.gz
ee90c4f5,gz/pcmagic.pipotron_red_hissatsu_meca_last.gz
633138d2,gz/pcmagic.pipotron_blue_hissatsu_meca_last.gz
6f8d1d6a,gz/pcmagic.pipotron_yellow_hissatsu_meca_last.gz
bb98018d,gz/demo.demo03_0.gz
bfbba81c,gz/demo.demo04_2.gz
d464a28b,gz/demo.demo09_0.gz
d4656868,gz/demo.demo09_1.gz
650e4daa,gz/demo.demo17_0.gz
650f1387,gz/demo.demo17_1.gz
e52f8d75,gz/demo.demo21_0.gz
e5305352,gz/demo.demo21_1.gz
e531192f,gz/demo.demo21_2.gz
2e7774f1,gz/game_result_character.goritron.gz
1fe66fb7,gz/game_result_character.hiroki.gz
615ad6d3,gz/pcmagic.blackspector_hissatsu_meca_b.gz
615eb424,gz/pcmagic.blackspector_hissatsu_meca_g.gz
85097ed9,gz/pcmagic.chall_hissatsu_meca_a.gz
850a44b6,gz/pcmagic.chall_hissatsu_meca_b.gz
6c775b9f,gz/pcmagic.hiroki_hissatsu_meca_a.gz
6c78217c,gz/pcmagic.hiroki_hissatsu_meca_b.gz
6c78e759,gz/pcmagic.hiroki_hissatsu_meca_c.gz
6c79ad36,gz/pcmagic.hiroki_hissatsu_meca_d.gz
f54a3c19,gz/pcmagic.legend_hissatsu_meca_b.gz
f54d538d,gz/pcmagic.legend_hissatsu_meca_f.gz
7a5c2ea7,gz/pcmagic.vchall_hissatsu_meca_a.gz
7a5cf484,gz/pcmagic.vchall_hissatsu_meca_b.gz
7a5e803e,gz/pcmagic.vchall_hissatsu_meca_d.gz
a05fa5c7,gz/pcmagic.volcano_hissatsu_meca_a.gz
a0606ba4,gz/pcmagic.volcano_hissatsu_meca_b.gz
a0613181,gz/pcmagic.volcano_hissatsu_meca_c.gz
a061f75e,gz/pcmagic.volcano_hissatsu_meca_d.gz
13f542c8,gz/pcsebd.hiroki.gz
89046150,gz/pcgacha.gd.cm.bts.warp.gz
fba3371e,gz/pcgacha.gd.cm.get.normal.gz
b14ddc6b,gz/pcgacha.gdm.pipotron.get.gz
3bcd20d7,gz/pcmagic.saru01_monta.gz
4f366cb8,gz/pcmagic.saru02_hattori.gz
c76d9946,gz/pcmagic.saru03_tutan.gz
76deeaa9,gz/pcmagic.saru04_pink.gz
db15e168,gz/pcmagic.saru05_sarui.gz
9c46c276,gz/pcmagic.saru06_monri.gz
4c89f7b8,gz/pcmagic.saru07_ejimon.gz
6d9a0456,gz/pcmagic.saru08_red.gz
564c8d59,gz/pcmagic.saru09_afuro.gz
dc6f58d0,gz/pcmagic.saru10_pumpkin.gz
cad60422,gz/pcmagic.saru11_bruce.gz
369c2ea8,gz/pcmagic.saru12_musashi.gz
ce0e262b,gz/pcmagic.saru13_wat.gz
a5f005f8,gz/pokepi.pokepi_toro.gz
b3939598,gz/pcmagic.saru04_pink_p.gz
84de94c8,gz/pcmagic.saru09_afuro_p.gz
d4f0a427,gz/pcmagic.saru10_pumpkin_p.gz
b7facda9,gz/pcmagic.saru11_bruce_p.gz
072e4488,gz/pcmagic.saru14_toro.gz
ebee623b,gz/pcgacha.ga.cm.agl.normal.gz
ba78933d,gz/pcgacha.gam.haruka.agl.gz
03dec536,gz/menu_edit_sarubook.gz
c30b740b,gz/pcdress.harukawear12.gz
ca592e72,gz/pcdress.kakeruwear12.gz
3a369c92,gz/pcchara.piposaru.gz
650e8b40,gz/pcdress.piposaruwear01.gz
650f511d,gz/pcdress.piposaruwear02.gz
651016fa,gz/pcdress.piposaruwear03.gz
6510dcd7,gz/pcdress.piposaruwear04.gz
6511a2b4,gz/pcdress.piposaruwear05.gz
65126891,gz/pcdress.piposaruwear06.gz
65132e6e,gz/pcdress.piposaruwear07.gz
6513f44b,gz/pcdress.piposaruwear08.gz
6514ba28,gz/pcdress.piposaruwear09.gz
652a5e54,gz/pcdress.piposaruwear10.gz
652b2431,gz/pcdress.piposaruwear11.gz
652bea0e,gz/pcdress.piposaruwear12.gz
652cafeb,gz/pcdress.piposaruwear13.gz
652d75c8,gz/pcdress.piposaruwear14.gz
652e3ba5,gz/pcdress.piposaruwear15.gz
4d1c8245,gz/pcchara.hiroki_black.gz
444f292b,gz/pcchara.pipo_black.gz
da916b46,gz/pcchara.pipo_blue.gz
6e8dcdef,gz/pcchara.pipo_green.gz
8c63ed19,gz/pcchara.pipo_red.gz
a705aad1,gz/pcchara.pipo_cyan.gz
4613e53f,gz/pcdress.pipo_redwear01.gz
4614ab1c,gz/pcdress.pipo_redwear02.gz
461570f9,gz/pcdress.pipo_redwear03.gz
461636d6,gz/pcdress.pipo_redwear04.gz
4616fcb3,gz/pcdress.pipo_redwear05.gz
4617c290,gz/pcdress.pipo_redwear06.gz
4618886d,gz/pcdress.pipo_redwear07.gz
46194e4a,gz/pcdress.pipo_redwear08.gz
461a1427,gz/pcdress.pipo_redwear09.gz
462fb853,gz/pcdress.pipo_redwear10.gz
46307e30,gz/pcdress.pipo_redwear11.gz
4631440d,gz/pcdress.pipo_redwear12.gz
463209ea,gz/pcdress.pipo_redwear13.gz
4632cfc7,gz/pcdress.pipo_redwear14.gz
463395a4,gz/pcdress.pipo_redwear15.gz
46345b81,gz/pcdress.pipo_redwear16.gz
905778b1,gz/pcdress.pipo_blackwear01.gz
90583e8e,gz/pcdress.pipo_blackwear02.gz
9059046b,gz/pcdress.pipo_blackwear03.gz
9059ca48,gz/pcdress.pipo_blackwear04.gz
905a9025,gz/pcdress.pipo_blackwear05.gz
905b5602,gz/pcdress.pipo_blackwear06.gz
905c1bdf,gz/pcdress.pipo_blackwear07.gz
905ce1bc,gz/pcdress.pipo_blackwear08.gz
905da799,gz/pcdress.pipo_blackwear09.gz
90734bc5,gz/pcdress.pipo_blackwear10.gz
907411a2,gz/pcdress.pipo_blackwear11.gz
9074d77f,gz/pcdress.pipo_blackwear12.gz
90759d5c,gz/pcdress.pipo_blackwear13.gz
90766339,gz/pcdress.pipo_blackwear14.gz
90772916,gz/pcdress.pipo_blackwear15.gz
9077eef3,gz/pcdress.pipo_blackwear16.gz
6800544c,gz/pcdress.pipo_bluewear01.gz
68011a29,gz/pcdress.pipo_bluewear02.gz
6801e006,gz/pcdress.pipo_bluewear03.gz
6802a5e3,gz/pcdress.pipo_bluewear04.gz
68036bc0,gz/pcdress.pipo_bluewear05.gz
6804319d,gz/pcdress.pipo_bluewear06.gz
6804f77a,gz/pcdress.pipo_bluewear07.gz
6805bd57,gz/pcdress.pipo_bluewear08.gz
68068334,gz/pcdress.pipo_bluewear09.gz
681c2760,gz/pcdress.pipo_bluewear10.gz
681ced3d,gz/pcdress.pipo_bluewear11.gz
681db31a,gz/pcdress.pipo_bluewear12.gz
681e78f7,gz/pcdress.pipo_bluewear13.gz
681f3ed4,gz/pcdress.pipo_bluewear14.gz
682004b1,gz/pcdress.pipo_bluewear15.gz
6820ca8e,gz/pcdress.pipo_bluewear16.gz
028ed86f,gz/pcdress.pipo_cyanwear01.gz
028f9e4c,gz/pcdress.pipo_cyanwear02.gz
02906429,gz/pcdress.pipo_cyanwear03.gz
02912a06,gz/pcdress.pipo_cyanwear04.gz
0291efe3,gz/pcdress.pipo_cyanwear05.gz
0292b5c0,gz/pcdress.pipo_cyanwear06.gz
02937b9d,gz/pcdress.pipo_cyanwear07.gz
0294417a,gz/pcdress.pipo_cyanwear08.gz
02950757,gz/pcdress.pipo_cyanwear09.gz
02aaab83,gz/pcdress.pipo_cyanwear10.gz
02ab7160,gz/pcdress.pipo_cyanwear11.gz
02ac373d,gz/pcdress.pipo_cyanwear12.gz
02acfd1a,gz/pcdress.pipo_cyanwear13.gz
02adc2f7,gz/pcdress.pipo_cyanwear14.gz
02ae88d4,gz/pcdress.pipo_cyanwear15.gz
02af4eb1,gz/pcdress.pipo_cyanwear16.gz
75265695,gz/pcdress.pipo_greenwear01.gz
75271c72,gz/pcdress.pipo_greenwear02.gz
7527e24f,gz/pcdress.pipo_greenwear03.gz
7528a82c,gz/pcdress.pipo_greenwear04.gz
75296e09,gz/pcdress.pipo_greenwear05.gz
752a33e6,gz/pcdress.pipo_greenwear06.gz
752af9c3,gz/pcdress.pipo_greenwear07.gz
752bbfa0,gz/pcdress.pipo_greenwear08.gz
752c857d,gz/pcdress.pipo_greenwear09.gz
754229a9,gz/pcdress.pipo_greenwear10.gz
7542ef86,gz/pcdress.pipo_greenwear11.gz
7543b563,gz/pcdress.pipo_greenwear12.gz
75447b40,gz/pcdress.pipo_greenwear13.gz
7545411d,gz/pcdress.pipo_greenwear14.gz
754606fa,gz/pcdress.pipo_greenwear15.gz
7546ccd7,gz/pcdress.pipo_greenwear16.gz
dbc89e6c,gz/pcdress.hakasewear12.gz
dbca2a26,gz/pcdress.hakasewear14.gz
dbcaf003,gz/pcdress.hakasewear15.gz
dbcbb5e0,gz/pcdress.hakasewear16.gz
c30cffc5,gz/pcdress.harukawear14.gz
c30dc5a2,gz/pcdress.harukawear15.gz
c30e8b7f,gz/pcdress.harukawear16.gz
47ce44e4,gz/pcdress.natsumiwear12.gz
47cfd09e,gz/pcdress.natsumiwear14.gz
47d0967b,gz/pcdress.natsumiwear15.gz
47d15c58,gz/pcdress.natsumiwear16.gz
ca5c45e6,gz/pcdress.kakeruwear16.gz
b37201d5,gz/pcchara.tron_blue.gz
7d7ec0bc,gz/pcchara.tron_red.gz
59f3939d,gz/pcchara.tron_yellow.gz
2a7259e9,gz/pcchara.tual.gz
7e76aa93,gz/pcdress.tron_bluewear01.gz
7e777070,gz/pcdress.tron_bluewear02.gz
7e78364d,gz/pcdress.tron_bluewear03.gz
7e78fc2a,gz/pcdress.tron_bluewear04.gz
7e79c207,gz/pcdress.tron_bluewear05.gz
7e7a87e4,gz/pcdress.tron_bluewear06.gz
7e7b4dc1,gz/pcdress.tron_bluewear07.gz
7e7c139e,gz/pcdress.tron_bluewear08.gz
7e7cd97b,gz/pcdress.tron_bluewear09.gz
7e927da7,gz/pcdress.tron_bluewear10.gz
7e934384,gz/pcdress.tron_bluewear11.gz
7e940961,gz/pcdress.tron_bluewear12.gz
7e94cf3e,gz/pcdress.tron_bluewear13.gz
7e95951b,gz/pcdress.tron_bluewear14.gz
7e965af8,gz/pcdress.tron_bluewear15.gz
7e9720d5,gz/pcdress.tron_bluewear16.gz
c339b03a,gz/pcdress.tron_redwear01.gz
c33a7617,gz/pcdress.tron_redwear02.gz
c33b3bf4,gz/pcdress.tron_redwear03.gz
c33c01d1,gz/pcdress.tron_redwear04.gz
c33cc7ae,gz/pcdress.tron_redwear05.gz
c33d8d8b,gz/pcdress.tron_redwear06.gz
c33e5368,gz/pcdress.tron_redwear07.gz
c33f1945,gz/pcdress.tron_redwear08.gz
c33fdf22,gz/pcdress.tron_redwear09.gz
c355834e,gz/pcdress.tron_redwear10.gz
c356492b,gz/pcdress.tron_redwear11.gz
c3570f08,gz/pcdress.tron_redwear12.gz
c357d4e5,gz/pcdress.tron_redwear13.gz
c3589ac2,gz/pcdress.tron_redwear14.gz
c359609f,gz/pcdress.tron_redwear15.gz
c35a267c,gz/pcdress.tron_redwear16.gz
4194992b,gz/pcdress.tron_yellowwear01.gz
41955f08,gz/pcdress.tron_yellowwear02.gz
419624e5,gz/pcdress.tron_yellowwear03.gz
4196eac2,gz/pcdress.tron_yellowwear04.gz
4197b09f,gz/pcdress.tron_yellowwear05.gz
4198767c,gz/pcdress.tron_yellowwear06.gz
41993c59,gz/pcdress.tron_yellowwear07.gz
419a0236,gz/pcdress.tron_yellowwear08.gz
419ac813,gz/pcdress.tron_yellowwear09.gz
41b06c3f,gz/pcdress.tron_yellowwear10.gz
41b1321c,gz/pcdress.tron_yellowwear11.gz
41b1f7f9,gz/pcdress.tron_yellowwear12.gz
41b2bdd6,gz/pcdress.tron_yellowwear13.gz
41b383b3,gz/pcdress.tron_yellowwear14.gz
41b44990,gz/pcdress.tron_yellowwear15.gz
41b50f6d,gz/pcdress.tron_yellowwear16.gz
1990dc6f,gz/pcdress.tualwear01.gz
1991a24c,gz/pcdress.tualwear02.gz
19926829,gz/pcdress.tualwear03.gz
19932e06,gz/pcdress.tualwear04.gz
1993f3e3,gz/pcdress.tualwear05.gz
1994b9c0,gz/pcdress.tualwear06.gz
19957f9d,gz/pcdress.tualwear07.gz
1996457a,gz/pcdress.tualwear08.gz
19970b57,gz/pcdress.tualwear09.gz
19acaf83,gz/pcdress.tualwear10.gz
19ad7560,gz/pcdress.tualwear11.gz
19ae3b3d,gz/pcdress.tualwear12.gz
19af011a,gz/pcdress.tualwear13.gz
19afc6f7,gz/pcdress.tualwear14.gz
19b08cd4,gz/pcdress.tualwear15.gz
19b152b1,gz/pcdress.tualwear16.gz
652f0182,gz/pcdress.piposaruwear16.gz
ef8e953e,package/mod300.tar.gz
a5f66650,gz/00system.gz
f49ef1b2,gz/01title.gz
7f223a38,package/fanclub/mail_00.tm2
7f3ed329,package/fanclub/mail_01.tm2
7f5b6c1a,package/fanclub/mail_02.tm2
7f78050b,package/fanclub/mail_03.tm2
7f949dfc,package/fanclub/mail_04.tm2
7fb136ed,package/fanclub/mail_05.tm2
7fcdcfde,package/fanclub/mail_06.tm2
7fea68cf,package/fanclub/mail_07.tm2
800701c0,package/fanclub/mail_08.tm2
80239ab1,package/fanclub/mail_09.tm2
8344550d,package/fanclub/mail_10.tm2
8360edfe,package/fanclub/mail_11.tm2
837d86ef,package/fanclub/mail_12.tm2
839a1fe0,package/fanclub/mail_13.tm2
83b6b8d1,package/fanclub/mail_14.tm2
83d351c2,package/fanclub/mail_15.tm2
83efeab3,package/fanclub/mail_16.tm2
840c83a4,package/fanclub/mail_17.tm2
84291c95,package/fanclub/mail_18.tm2
8445b586,package/fanclub/mail_19.tm2
87666fe2,package/fanclub/mail_20.tm2
878308d3,package/fanclub/mail_21.tm2
879fa1c4,package/fanclub/mail_22.tm2
87bc3ab5,package/fanclub/mail_23.tm2
87d8d3a6,package/fanclub/mail_24.tm2
87f56c97,package/fanclub/mail_25.tm2
88120588,package/fanclub/mail_26.tm2
882e9e79,package/fanclub/mail_27.tm2
884b376a,package/fanclub/mail_28.tm2
8867d05b,package/fanclub/mail_29.tm2
8b888ab7,package/fanclub/mail_30.tm2
8ba523a8,package/fanclub/mail_31.tm2
8bc1bc99,package/fanclub/mail_32.tm2
8bde558a,package/fanclub/mail_33.tm2
8bfaee7b,package/fanclub/mail_34.tm2
8c17876c,package/fanclub/mail_35.tm2
8c34205d,package/fanclub/mail_36.tm2
8c50b94e,package/fanclub/mail_37.tm2
8c6d523f,package/fanclub/mail_38.tm2
8c89eb30,package/fanclub/mail_39.tm2
8faaa58c,package/fanclub/mail_40.tm2
8fc73e7d,package/fanclub/mail_41.tm2
8fe3d76e,package/fanclub/mail_42.tm2
9000705f,package/fanclub/mail_43.tm2
901d0950,package/fanclub/mail_44.tm2
9039a241,package/fanclub/mail_45.tm2
90563b32,package/fanclub/mail_46.tm2
9072d423,package/fanclub/mail_47.tm2
908f6d14,package/fanclub/mail_48.tm2
90ac0605,package/fanclub/mail_49.tm2
93ccc061,package/fanclub/mail_50.tm2
93e95952,package/fanclub/mail_51.tm2
9b779dda,package/fanclub/profile_00.tm2
9b9436cb,package/fanclub/profile_01.tm2
9bb0cfbc,package/fanclub/profile_02.tm2
9bcd68ad,package/fanclub/profile_03.tm2
9bea019e,package/fanclub/profile_04.tm2
9c069a8f,package/fanclub/profile_05.tm2
9c233380,package/fanclub/profile_06.tm2
9c3fcc71,package/fanclub/profile_07.tm2
9c5c6562,package/fanclub/profile_08.tm2
9c78fe53,package/fanclub/profile_09.tm2
9f99b8af,package/fanclub/profile_10.tm2
9fb651a0,package/fanclub/profile_11.tm2
9fd2ea91,package/fanclub/profile_12.tm2
9fef8382,package/fanclub/profile_13.tm2
a00c1c73,package/fanclub/profile_14.tm2
a028b564,package/fanclub/profile_15.tm2
a0454e55,package/fanclub/profile_16.tm2
a061e746,package/fanclub/profile_17.tm2
a07e8037,package/fanclub/profile_18.tm2
a09b1928,package/fanclub/profile_19.tm2
a3bbd384,package/fanclub/profile_20.tm2
a3d86c75,package/fanclub/profile_21.tm2
a3f50566,package/fanclub/profile_22.tm2
a4119e57,package/fanclub/profile_23.tm2
a42e3748,package/fanclub/profile_24.tm2
a44ad039,package/fanclub/profile_25.tm2
a467692a,package/fanclub/profile_26.tm2
a484021b,package/fanclub/profile_27.tm2
a4a09b0c,package/fanclub/profile_28.tm2
a4bd33fd,package/fanclub/profile_29.tm2
a7ddee59,package/fanclub/profile_30.tm2
a7fa874a,package/fanclub/profile_31.tm2
a817203b,package/fanclub/profile_32.tm2
a833b92c,package/fanclub/profile_33.tm2
a850521d,package/fanclub/profile_34.tm2
a86ceb0e,package/fanclub/profile_35.tm2
a88983ff,package/fanclub/profile_36.tm2
a8a61cf0,package/fanclub/profile_37.tm2
a8c2b5e1,package/fanclub/profile_38.tm2
a8df4ed2,package/fanclub/profile_39.tm2
ac00092e,package/fanclub/profile_40.tm2
ac1ca21f,package/fanclub/profile_41.tm2
ac393b10,package/fanclub/profile_42.tm2
ac55d401,package/fanclub/profile_43.tm2
ac726cf2,package/fanclub/profile_44.tm2
ac8f05e3,package/fanclub/profile_45.tm2
acab9ed4,package/fanclub/profile_46.tm2
acc837c5,package/fanclub/profile_47.tm2
ace4d0b6,package/fanclub/profile_48.tm2
ad0169a7,package/fanclub/profile_49.tm2
b0222403,package/fanclub/profile_50.tm2
b03ebcf4,package/fanclub/profile_51.tm2
8b3dd582,package/menu_wear/kakeru_wear12.wset
42516bf0,gz/gmenu.main0.nr.gz
9272e8fb,gz/gmenu.main1.gz
9273aed8,gz/gmenu.main2.gz
d3bb07a6,gz/gmenu.sel1.gz
d3bbcd83,gz/gmenu.sel2.gz
d3bc9360,gz/gmenu.sel3.gz
4b7cc4f0,gz/gmenu_eq.gz
2f970686,gz/gmenu_eq.su.gz
9a64bf3f,gz/gmenu_equip.kakeru.gz
56de7398,gz/gmenu_equip.kakeru.wear.gz
7bf9b61f,gz/gphase_common.gz
c8186e90,gz/gstage.03_pachinger_1yosen_taisen.gz
98e30388,gz/help.gz
32539374,gz/pcgacha.hakase.dashhoop.normal.gz
5197892d,gz/pcgacha.hakase.mecabo.normal.gz
8c6ad4ea,gz/pcgacha.hakase.mecayonku.normal.gz
a1fc2085,gz/pcgacha.hakase.pachinga.normal.gz
58234edb,gz/pcgacha.haruka.dashhoop.normal.gz
a7a377ec,gz/pcgacha.haruka.mecabo.normal.gz
0370eacd,gz/pcgacha.haruka.mecayonku.normal.gz
c7cbdbec,gz/pcgacha.haruka.pachinga.normal.gz
1eab62ca,gz/pcgacha.kakeru.dashhoop.normal.gz
f9508a73,gz/pcgacha.kakeru.mecabo.normal.gz
8e53efdb,gz/pcgacha.kakeru.pachinga.normal.gz
97007427,gz/pcgacha.kakeru.tobitonbo.blade.gz
ec08030e,gz/pcgacha.piposaru.dashhoop.normal.gz
2e32b057,gz/pcgacha.piposaru.mecabo.normal.gz
5bb0901f,gz/pcgacha.piposaru.pachinga.normal.gz
de6880ac,gz/pcgacha.piposaru.tobitonbo.normal.gz
b5f24f52,gz/pcmagic.hakase_magic0.gz
b5f4a0e9,gz/pcmagic.hakase_magic3.gz
229b2f4d,gz/pcmagic.haruka_magic0.gz
229cbb07,gz/pcmagic.haruka_magic2.gz
30d72030,gz/pcmagic.kakeru_magic0.gz
30d7e60d,gz/pcmagic.kakeru_magic1.gz
95526edc,gz/pcmagic.piposaru_magic0.gz
9553fa96,gz/pcmagic.piposaru_magic2.gz
79200e16,gz/pcsummon.saru05_sarui.gz
0ec9957c,gz/victory.kakeru.gz
2f61add5,package/help/help0000.tm2
2f7e46c6,package/help/help0001.tm2
2f9adfb7,package/help/help0002.tm2
2fb778a8,package/help/help0003.tm2
2fd41199,package/help/help0004.tm2
2ff0aa8a,package/help/help0005.tm2
c84f8e9e,package/help/help0100.tm2
c86c278f,package/help/help0101.tm2
c888c080,package/help/help0102.tm2
613d6f67,package/help/help0200.tm2
615a0858,package/help/help0201.tm2
6176a149,package/help/help0202.tm2
fa2b5030,package/help/help0300.tm2
fa47e921,package/help/help0301.tm2
931930f9,package/help/help0400.tm2
9335c9ea,package/help/help0401.tm2
935262db,package/help/help0402.tm2
936efbcc,package/help/help0403.tm2
938b94bd,package/help/help0404.tm2
2c0711c2,package/help/help0500.tm2
2c23aab3,package/help/help0501.tm2
2c4043a4,package/help/help0502.tm2
c4f4f28b,package/help/help0600.tm2
c5118b7c,package/help/help0601.tm2
5de2d354,package/help/help0700.tm2
5dff6c45,package/help/help0701.tm2
5e1c0536,package/help/help0702.tm2
5e389e27,package/help/help0703.tm2
5e553718,package/help/help0704.tm2
f6d0b41d,package/help/help0800.tm2
f6ed4d0e,package/help/help0801.tm2
f709e5ff,package/help/help0802.tm2
f7267ef0,package/help/help0803.tm2
f74317e1,package/help/help0804.tm2
8fbe94e6,package/help/help0900.tm2
8fdb2dd7,package/help/help0901.tm2
8ff7c6c8,package/help/help0902.tm2
49c32ae2,package/help/help1000.tm2
49dfc3d3,package/help/help1001.tm2
e2b10bab,package/help/help1100.tm2
7b9eec74,package/help/help1200.tm2
148ccd3d,package/help/help1300.tm2
ad7aae06,package/help/help1400.tm2
46688ecf,package/help/help1500.tm2
df566f98,package/help/help1600.tm2
df730889,package/help/help1601.tm2
21b5cf14,gz/99credit.gz
a1cc68f1,gz/gstage.01_mekabo_1yosen.gz
54faf5d7,gz/gstage.52_boss_gridcore.gz
b267a666,gz/gstage.52_boss_gridcore_boss_data.gz
653014b1,gz/pcgacha.natsumi.mecabo.normal.gz
0763d7d6,gz/pcgacha.tual.mecabo.normal.gz
bab9b793,gz/gstage.02_tobitonbo_1yosen.gz
ecb1bae1,gz/gstage.03_pachinger_1yosen.gz
16327928,gz/gstage.04_bort_1yosen.gz
a8db746d,gz/gstage.05_boss_hiroki1.gz
1e8b63cc,gz/gstage.05_boss_hiroki1_boss_data.gz
44d0a28f,gz/gstage.06_dashfoop_1yosen.gz
55503c90,gz/gstage.07_mekayonku_1yosen.gz
8fc3126c,gz/gstage.08_mizumeka_1yosen.gz
578421a0,gz/gstage.09_tank_1yosen.gz
bcb1bc06,gz/gstage.10_mekabo_2yosen.gz
d6463b58,gz/gstage.11_tobitonbo_2yosen.gz
083e3ea6,gz/gstage.12_pachinger_2yosen.gz
1577235d,gz/gstage.13_bort_2yosen.gz
a9d960c3,gz/gstage.14_boss_spector1.gz
f18550f2,gz/gstage.14_boss_spector1_boss_data.gz
1ddd0b84,gz/gstage.15_dashfoop_2yosen.gz
70dcc055,gz/gstage.16_mekayonku_2yosen.gz
68cf7b61,gz/gstage.17_mizumeka_2yosen.gz
56c8cbd5,gz/gstage.18_tank_2yosen.gz
f67e0d55,gz/gstage.19_kakutou_a_junketsu.gz
2d05414b,gz/gstage.20_athletic_a_junketsu.gz
e224c2ab,gz/gstage.21_kakutou_b_junketsu.gz
46378ed1,gz/gstage.22_boss_hiroki2.gz
cdfaf810,gz/gstage.22_boss_hiroki2_boss_data.gz
e884f18e,gz/gstage.23_kakutou_c_junketsu.gz
ac5e0e50,gz/gstage.24_athletic_b_junketsu.gz
cd01672d,gz/gstage.25_mizumeka_junketsu.gz
7eb65aec,gz/gstage.26_kakutou_a_kesshou.gz
476da41f,gz/gstage.27_athletic_a_kesshou.gz
91450efd,gz/gstage.28_bort_kesshou.gz
01201c32,gz/gstage.29_boss_spector2.gz
929347a9,gz/gstage.29_boss_spector2_boss_data.gz
6bea2734,gz/gstage.30_kakutou_b_kesshou.gz
4bd23df3,gz/gstage.31_athletic_b_kesshou.gz
997125ef,gz/gstage.32_tank_kesshou.gz
a0ce4720,gz/gstage.33_mega_break1.gz
7773df6a,gz/gstage.34_mega_break2.gz
4e1977b4,gz/gstage.35_mega_break3.gz
24bf0ffe,gz/gstage.36_mega_break4.gz
c4cfabf2,gz/gstage.37_boss_pipotron.gz
007d0969,gz/gstage.37_boss_pipotron_boss_data.gz
72327f47,gz/gstage.38_giga_break1.gz
48d81791,gz/gstage.39_giga_break2.gz
c2dfe15a,gz/gstage.40_giga_break3.gz
998579a4,gz/gstage.41_giga_break4.gz
f50ae678,gz/gstage.42_boss_hiroki3.gz
50814f3f,gz/gstage.42_boss_hiroki3_boss_data.gz
898878f3,gz/gstage.43_tera_break1.gz
602e113d,gz/gstage.44_tera_break2.gz
36d3a987,gz/gstage.45_tera_break3.gz
0d7941d1,gz/gstage.46_tera_break4.gz
96bd6277,gz/gstage.47_boss_spector3.gz
4a86f606,gz/gstage.47_boss_spector3_boss_data.gz
c239dc35,gz/gstage.48_nano_grid1.gz
672a54bb,gz/gstage.49_nano_grid2.gz
7162a514,gz/gstage.50_nano_grid3.gz
16531d9a,gz/gstage.51_nano_grid4.gz
cc7a5970,gz/gteam.pipo5_all.gz
ceaab732,gz/gteam.pipotron_all.gz
fd0a05a4,gz/gteam.pipotron_allwear16.gz
95811560,gz/gstage.01_mekabo_1yosen_taisen.gz
7e5a754d,gz/pcgacha.haruka.tobitonbo.normal.gz
899a10df,gz/pcgacha.kakeru.dashhoop.fire.gz
5b834c12,gz/pcgacha.kakeru.dashhoop.ice.gz
56e5ebb0,gz/pcgacha.kakeru.mecabo.fire.gz
6ee6364f,gz/pcgacha.kakeru.mecabo.ice.gz
bfe8b30c,gz/pcgacha.kakeru.mecabo.thunder.gz
57618758,gz/pcgacha.kakeru.pachinga.fire.gz
29b91ed7,gz/pcgacha.kakeru.pachinga.ice.gz
d18c00c6,gz/pcgacha.kakeru.tobitonbo.gride.gz
300556d8,gz/pcgacha.kakeru.tobitonbo.normal.gz
cbd58390,gz/pcgacha.kakeru.tobitonbo.speed.gz
fd15a858,gz/pcgacha.natsumi.dashhoop.normal.gz
da77d9de,gz/pcgacha.natsumi.mecayonku.normal.gz
6cbe3569,gz/pcgacha.natsumi.pachinga.normal.gz
5561645e,gz/pcgacha.natsumi.tobitonbo.normal.gz
637ef62c,gz/pcgacha.piposaru.mecayonku.normal.gz
63e43935,gz/pcgacha.tual.dashhoop.normal.gz
d38cc646,gz/pcgacha.tual.pachinga.normal.gz
313c544f,gz/pcgacha.tual.tobitonbo.normal.gz
229bf52a,gz/pcmagic.haruka_magic1.gz
ae39a5d3,gz/pcmagic.hiroki_black_magic0.gz
ae3a6bb0,gz/pcmagic.hiroki_black_magic1.gz
bea95bb7,gz/pcmagic.natsumi_magic1.gz
beaa2194,gz/pcmagic.natsumi_magic2.gz
beaae771,gz/pcmagic.natsumi_magic3.gz
955334b9,gz/pcmagic.piposaru_magic1.gz
9554c073,gz/pcmagic.piposaru_magic3.gz
086f0367,gz/pcmagic.tual_magic0.gz
086fc944,gz/pcmagic.tual_magic1.gz
8e0c2ca6,gz/victory.hakase.gz
0e4f8bcd,gz/victory.haruka.gz
c895021f,gz/victory.hiroki.gz
cd5cb3cb,gz/victory.hiroki_black.gz
b3416abe,gz/victory.natsumi.gz
0dc9f678,gz/victory.piposaru.gz
ee2dd9e4,package/menu_wear/kakeru_wear01.wset
f24ff4b9,package/menu_wear/kakeru_wear02.wset
f6720f8e,package/menu_wear/kakeru_wear03.wset
fa942a63,package/menu_wear/kakeru_wear04.wset
feb64538,package/menu_wear/kakeru_wear05.wset
02d8600d,package/menu_wear/kakeru_wear06.wset
06fa7ae2,package/menu_wear/kakeru_wear07.wset
0b1c95b7,package/menu_wear/kakeru_wear08.wset
0f3eb08c,package/menu_wear/kakeru_wear09.wset
82f99fd8,package/menu_wear/kakeru_wear10.wset
871bbaad,package/menu_wear/kakeru_wear11.wset
8f5ff057,package/menu_wear/kakeru_wear13.wset
93820b2c,package/menu_wear/kakeru_wear14.wset
97a42601,package/menu_wear/kakeru_wear15.wset
9bc640d6,package/menu_wear/kakeru_wear16.wset
c97c55da,package/menu_wear/natsumi_wear01.wset
cd9e70af,package/menu_wear/natsumi_wear02.wset
d1c08b84,package/menu_wear/natsumi_wear03.wset
d5e2a659,package/menu_wear/natsumi_wear04.wset
da04c12e,package/menu_wear/natsumi_wear05.wset
de26dc03,package/menu_wear/natsumi_wear06.wset
e248f6d8,package/menu_wear/natsumi_wear07.wset
e66b11ad,package/menu_wear/natsumi_wear08.wset
ea8d2c82,package/menu_wear/natsumi_wear09.wset
5e481bce,package/menu_wear/natsumi_wear10.wset
626a36a3,package/menu_wear/natsumi_wear11.wset
668c5178,package/menu_wear/natsumi_wear12.wset
6aae6c4d,package/menu_wear/natsumi_wear13.wset
6ed08722,package/menu_wear/natsumi_wear14.wset
72f2a1f7,package/menu_wear/natsumi_wear15.wset
7714bccc,package/menu_wear/natsumi_wear16.wset
cfa2abf9,package/menu_wear/haruka_wear01.wset
d3c4c6ce,package/menu_wear/haruka_wear02.wset
d7e6e1a3,package/menu_wear/haruka_wear03.wset
dc08fc78,package/menu_wear/haruka_wear04.wset
e02b174d,package/menu_wear/haruka_wear05.wset
e44d3222,package/menu_wear/haruka_wear06.wset
e86f4cf7,package/menu_wear/haruka_wear07.wset
ec9167cc,package/menu_wear/haruka_wear08.wset
f0b382a1,package/menu_wear/haruka_wear09.wset
646e71ed,package/menu_wear/haruka_wear10.wset
68908cc2,package/menu_wear/haruka_wear11.wset
6cb2a797,package/menu_wear/haruka_wear12.wset
70d4c26c,package/menu_wear/haruka_wear13.wset
74f6dd41,package/menu_wear/haruka_wear14.wset
7918f816,package/menu_wear/haruka_wear15.wset
7d3b12eb,package/menu_wear/haruka_wear16.wset
d0bf5658,package/menu_wear/piposaru_wear01.wset
d4e1712d,package/menu_wear/piposaru_wear02.wset
d9038c02,package/menu_wear/piposaru_wear03.wset
dd25a6d7,package/menu_wear/piposaru_wear04.wset
e147c1ac,package/menu_wear/piposaru_wear05.wset
e569dc81,package/menu_wear/piposaru_wear06.wset
e98bf756,package/menu_wear/piposaru_wear07.wset
edae122b,package/menu_wear/piposaru_wear08.wset
f1d02d00,package/menu_wear/piposaru_wear09.wset
658b1c4c,package/menu_wear/piposaru_wear10.wset
69ad3721,package/menu_wear/piposaru_wear11.wset
6dcf51f6,package/menu_wear/piposaru_wear12.wset
71f16ccb,package/menu_wear/piposaru_wear13.wset
761387a0,package/menu_wear/piposaru_wear14.wset
7a35a275,package/menu_wear/piposaru_wear15.wset
7e57bd4a,package/menu_wear/piposaru_wear16.wset
05d34c1b,package/menu_wear/tual_wear01.wset
09f566f0,package/menu_wear/tual_wear02.wset
0e1781c5,package/menu_wear/tual_wear03.wset
12399c9a,package/menu_wear/tual_wear04.wset
165bb76f,package/menu_wear/tual_wear05.wset
1a7dd244,package/menu_wear/tual_wear06.wset
1e9fed19,package/menu_wear/tual_wear07.wset
22c207ee,package/menu_wear/tual_wear08.wset
26e422c3,package/menu_wear/tual_wear09.wset
9a9f120f,package/menu_wear/tual_wear10.wset
9ec12ce4,package/menu_wear/tual_wear11.wset
a2e347b9,package/menu_wear/tual_wear12.wset
a705628e,package/menu_wear/tual_wear13.wset
ab277d63,package/menu_wear/tual_wear14.wset
af499838,package/menu_wear/tual_wear15.wset
b36bb30d,package/menu_wear/tual_wear16.wset
bc8ce6b6,package/menu_wear/hakase_wear01.wset
c0af018b,package/menu_wear/hakase_wear02.wset
c4d11c60,package/menu_wear/hakase_wear03.wset
c8f33735,package/menu_wear/hakase_wear04.wset
cd15520a,package/menu_wear/hakase_wear05.wset
d1376cdf,package/menu_wear/hakase_wear06.wset
d55987b4,package/menu_wear/hakase_wear07.wset
d97ba289,package/menu_wear/hakase_wear08.wset
dd9dbd5e,package/menu_wear/hakase_wear09.wset
5158acaa,package/menu_wear/hakase_wear10.wset
557ac77f,package/menu_wear/hakase_wear11.wset
599ce254,package/menu_wear/hakase_wear12.wset
5dbefd29,package/menu_wear/hakase_wear13.wset
61e117fe,package/menu_wear/hakase_wear14.wset
660332d3,package/menu_wear/hakase_wear15.wset
6a254da8,package/menu_wear/hakase_wear16.wset
30d8abea,gz/pcmagic.kakeru_magic2.gz
30d971c7,gz/pcmagic.kakeru_magic3.gz
fce98f62,gz/gteam.pipotron_allwear01.gz
fcea553f,gz/gteam.pipotron_allwear02.gz
fceb1b1c,gz/gteam.pipotron_allwear03.gz
fcebe0f9,gz/gteam.pipotron_allwear04.gz
fceca6d6,gz/gteam.pipotron_allwear05.gz
fced6cb3,gz/gteam.pipotron_allwear06.gz
fcee3290,gz/gteam.pipotron_allwear07.gz
fceef86d,gz/gteam.pipotron_allwear08.gz
fcefbe4a,gz/gteam.pipotron_allwear09.gz
fd056276,gz/gteam.pipotron_allwear10.gz
fd062853,gz/gteam.pipotron_allwear11.gz
fd06ee30,gz/gteam.pipotron_allwear12.gz
fd07b40d,gz/gteam.pipotron_allwear13.gz
fd0879ea,gz/gteam.pipotron_allwear14.gz
fd093fc7,gz/gteam.pipotron_allwear15.gz
f64c3210,gz/gteam.pipo5_allwear01.gz
f64cf7ed,gz/gteam.pipo5_allwear02.gz
f64dbdca,gz/gteam.pipo5_allwear03.gz
f64e83a7,gz/gteam.pipo5_allwear04.gz
f64f4984,gz/gteam.pipo5_allwear05.gz
f6500f61,gz/gteam.pipo5_allwear06.gz
f650d53e,gz/gteam.pipo5_allwear07.gz
f6519b1b,gz/gteam.pipo5_allwear08.gz
f65260f8,gz/gteam.pipo5_allwear09.gz
f6680524,gz/gteam.pipo5_allwear10.gz
f668cb01,gz/gteam.pipo5_allwear11.gz
f66990de,gz/gteam.pipo5_allwear12.gz
f66a56bb,gz/gteam.pipo5_allwear13.gz
f66b1c98,gz/gteam.pipo5_allwear14.gz
f66be275,gz/gteam.pipo5_allwear15.gz
f66ca852,gz/gteam.pipo5_allwear16.gz
19a75669,gz/gmenu_equip.hakase.gz
b8347d8a,gz/gmenu_equip.hakase.wear.gz
99eab590,gz/gmenu_equip.haruka.gz
871a9efd,gz/gmenu_equip.haruka.wear.gz
9e8c4a43,gz/gmenu_equip.piposaru.gz
566b85ec,gz/gmenu_equip.piposaru.wear.gz
f8552d9a,gz/gstage.02_tobitonbo_1yosen_taisen.gz
07545f6a,gz/pcgacha.hakase.tobitonbo.normal.gz
ea3f3b7f,gz/pcgacha.pipo_black.dashhoop.normal.gz
e4b4e130,gz/pcgacha.pipo_black.mecabo.normal.gz
59e7c890,gz/pcgacha.pipo_black.pachinga.normal.gz
9c63a901,gz/pcgacha.pipo_black.tobitonbo.normal.gz
b8b480b8,gz/pcgacha.tron_red.dashhoop.normal.gz
6d2dc411,gz/pcgacha.tron_red.mecabo.normal.gz
285d0dc9,gz/pcgacha.tron_red.pachinga.normal.gz
7356aa3e,gz/pcgacha.tron_red.tobitonbo.normal.gz
b5f3152f,gz/pcmagic.hakase_magic1.gz
229d80e4,gz/pcmagic.haruka_magic3.gz
abfa3b77,gz/pcmagic.hiroki_magic0.gz
abfb0154,gz/pcmagic.hiroki_magic1.gz
5bfa3a2e,gz/pcmagic.pipo_black_magic1.gz
5bfb000b,gz/pcmagic.pipo_black_magic2.gz
318ec6fe,gz/pcmagic.tron_red_magic0.gz
318f8cdb,gz/pcmagic.tron_red_magic1.gz
d9d74d85,gz/pcsummon.saru01_monta.gz
0077466e,gz/victory.pipo5.gz
c64b5973,gz/victory.trons.gz
27f717d5,gz/pcgacha.pipo_red.dashhoop.normal.gz
9a23b776,gz/pcgacha.pipo_red.mecabo.normal.gz
0d0cf6ef,gz/pcgacha.pipo_red.mecayonku.normal.gz
979fa4e6,gz/pcgacha.pipo_red.pachinga.normal.gz
0ca8ee15,gz/pcgacha.tron_yellow.dashhoop.normal.gz
17c837b6,gz/pcgacha.tron_yellow.mecabo.normal.gz
7c517b26,gz/pcgacha.tron_yellow.pachinga.normal.gz
95aa78af,gz/pcgacha.tron_yellow.tobitonbo.normal.gz
bea895da,gz/pcmagic.natsumi_magic0.gz
1b19fc71,gz/pcmagic.pipo_red_magic2.gz
1b1ac24e,gz/pcmagic.pipo_red_magic3.gz
ae9d6000,gz/pcmagic.tron_yellow_magic1.gz
ae9e25dd,gz/pcmagic.tron_yellow_magic2.gz
710c622f,gz/victory.tual.gz
7db6c56c,gz/victory.nowin.gz
18177afb,package/menu_wear/trons_wear01.wset
1c3995d0,package/menu_wear/trons_wear02.wset
205bb0a5,package/menu_wear/trons_wear03.wset
247dcb7a,package/menu_wear/trons_wear04.wset
289fe64f,package/menu_wear/trons_wear05.wset
2cc20124,package/menu_wear/trons_wear06.wset
30e41bf9,package/menu_wear/trons_wear07.wset
350636ce,package/menu_wear/trons_wear08.wset
392851a3,package/menu_wear/trons_wear09.wset
ace340ef,package/menu_wear/trons_wear10.wset
b1055bc4,package/menu_wear/trons_wear11.wset
b5277699,package/menu_wear/trons_wear12.wset
b949916e,package/menu_wear/trons_wear13.wset
bd6bac43,package/menu_wear/trons_wear14.wset
c18dc718,package/menu_wear/trons_wear15.wset
c5afe1ed,package/menu_wear/trons_wear16.wset
8b6ef762,package/menu_wear/pipo5_wear01.wset
8f911237,package/menu_wear/pipo5_wear02.wset
93b32d0c,package/menu_wear/pipo5_wear03.wset
97d547e1,package/menu_wear/pipo5_wear04.wset
9bf762b6,package/menu_wear/pipo5_wear05.wset
a0197d8b,package/menu_wear/pipo5_wear06.wset
a43b9860,package/menu_wear/pipo5_wear07.wset
a85db335,package/menu_wear/pipo5_wear08.wset
ac7fce0a,package/menu_wear/pipo5_wear09.wset
203abd56,package/menu_wear/pipo5_wear10.wset
245cd82b,package/menu_wear/pipo5_wear11.wset
287ef300,package/menu_wear/pipo5_wear12.wset
2ca10dd5,package/menu_wear/pipo5_wear13.wset
30c328aa,package/menu_wear/pipo5_wear14.wset
34e5437f,package/menu_wear/pipo5_wear15.wset
39075e54,package/menu_wear/pipo5_wear16.wset
34d26ad0,gz/pcgacha.hakase.boat.normal.gz
775b2fff,gz/pcgacha.hakase.mecayonku.fire.gz
02b5763f,gz/pcgacha.hakase.mecayonku.thunder.gz
01857c34,gz/pcgacha.hakase.tank.normal.gz
6f6a44a7,gz/pcgacha.haruka.boat.normal.gz
05b474d1,gz/pcgacha.haruka.pachinga.fire.gz
3c1d560b,gz/pcgacha.haruka.tank.normal.gz
76b1d6e4,gz/pcgacha.haruka.water.normal.gz
654945fe,gz/pcgacha.kakeru.boat.ice.gz
6a86b5f8,gz/pcgacha.kakeru.mecayonku.ice.gz
475ee0b2,gz/pcgacha.kakeru.tank.ice.gz
f054e2eb,gz/pcgacha.kakeru.water.ice.gz
0ee02df4,gz/pcgacha.natsumi.boat.normal.gz
db933f58,gz/pcgacha.natsumi.tank.normal.gz
1f8c6cef,gz/pcgacha.pipo_black.tank.normal.gz
52057a06,gz/pcgacha.pipo_blue.dashhoop.normal.gz
bec216ac,gz/pcgacha.pipo_blue.mecabo.fire.gz
21212804,gz/pcgacha.pipo_blue.mecayonku.normal.gz
9c0ab284,gz/pcgacha.pipo_blue.tobitonbo.normal.gz
31fdbe6c,gz/pcgacha.pipo_green.water.normal.gz
6bc5b96b,gz/pcgacha.pipo_red.mecabo.fire.gz
87f6816f,gz/pcgacha.pipo_red.tobitonbo.normal.gz
6ee52f83,gz/pcgacha.piposaru.mecabo.ice.gz
b473d56e,gz/pcgacha.piposaru.tank.normal.gz
db324033,gz/pcgacha.piposaru.water.normal.gz
3d65a2d5,gz/pcgacha.tron_blue.dashhoop.normal.gz
96f53936,gz/pcgacha.tron_blue.dashhoop.thunder.gz
e2263a76,gz/pcgacha.tron_blue.mecabo.normal.gz
26070def,gz/pcgacha.tron_blue.mecayonku.normal.gz
ad0e2fe6,gz/pcgacha.tron_blue.pachinga.normal.gz
a0f0986f,gz/pcgacha.tron_blue.tobitonbo.normal.gz
436d8c54,gz/pcgacha.tron_red.boat.normal.gz
12aed8e5,gz/pcgacha.tron_yellow.tank.normal.gz
79b9c066,gz/pcgacha.tron_yellow.water.normal.gz
0e9ec4a1,gz/pcgacha.tual.boat.normal.gz
b652c9cf,gz/pcgacha.tual.mecayonku.normal.gz
db51d605,gz/pcgacha.tual.tank.normal.gz
110e59fb,gz/pcgacha.tual.tobitonbo.speed.gz
79485606,gz/pcgacha.tual.water.normal.gz
b5f3db0c,gz/pcmagic.hakase_magic2.gz
ff0a2902,gz/pcmagic.pipo_blue_magic2.gz
ff0aeedf,gz/pcmagic.pipo_blue_magic3.gz
1b1870b7,gz/pcmagic.pipo_red_magic0.gz
1b193694,gz/pcmagic.pipo_red_magic1.gz
3e23158b,gz/pcmagic.tron_blue_magic0.gz
3e23db68,gz/pcmagic.tron_blue_magic1.gz
3e24a145,gz/pcmagic.tron_blue_magic2.gz
ae9c9a23,gz/pcmagic.tron_yellow_magic0.gz
08708f21,gz/pcmagic.tual_magic2.gz
087154fe,gz/pcmagic.tual_magic3.gz
3e256722,gz/pcmagic.tron_blue_magic3.gz
319052b8,gz/pcmagic.tron_red_magic2.gz
31911895,gz/pcmagic.tron_red_magic3.gz
ae9eebba,gz/pcmagic.tron_yellow_magic3.gz
ff089d48,gz/pcmagic.pipo_blue_magic0.gz
ff096325,gz/pcmagic.pipo_blue_magic1.gz
6ddf8645,gz/pcmagic.pipo_green_magic0.gz
6de04c22,gz/pcmagic.pipo_green_magic1.gz
6de111ff,gz/pcmagic.pipo_green_magic2.gz
6de1d7dc,gz/pcmagic.pipo_green_magic3.gz
5bf97451,gz/pcmagic.pipo_black_magic0.gz
5bfbc5e8,gz/pcmagic.pipo_black_magic3.gz
55a1b657,gz/pcmagic.pipo_cyan_magic0.gz
55a27c34,gz/pcmagic.pipo_cyan_magic1.gz
55a34211,gz/pcmagic.pipo_cyan_magic2.gz
55a407ee,gz/pcmagic.pipo_cyan_magic3.gz
ae3b318d,gz/pcmagic.hiroki_black_magic2.gz
ae3bf76a,gz/pcmagic.hiroki_black_magic3.gz
abfbc731,gz/pcmagic.hiroki_magic2.gz
abfc8d0e,gz/pcmagic.hiroki_magic3.gz
b396aa44,gz/pcgacha.natsumi.boat.ice.gz
f5799b1d,gz/pcgacha.natsumi.dashhoop.fire.gz
fd9041f8,gz/pcgacha.natsumi.dashhoop.ice.gz
7ddf5a1e,gz/pcgacha.natsumi.mecabo.fire.gz
2ac370a5,gz/pcgacha.natsumi.mecabo.ice.gz
5737ae02,gz/pcgacha.natsumi.mecabo.thunder.gz
d6664036,gz/pcgacha.natsumi.mecayonku.ice.gz
c3411196,gz/pcgacha.natsumi.pachinga.fire.gz
cbc614bd,gz/pcgacha.natsumi.pachinga.ice.gz
95ac44f8,gz/pcgacha.natsumi.tank.ice.gz
756ab9b5,gz/pcgacha.natsumi.tobitonbo.blade.gz
aff64654,gz/pcgacha.natsumi.tobitonbo.gride.gz
aa3fc91e,gz/pcgacha.natsumi.tobitonbo.speed.gz
41846109,gz/pcgacha.natsumi.water.ice.gz
43413647,gz/pcgacha.pipo_black.boat.ice.gz
74fe679c,gz/pcgacha.pipo_black.dashhoop.fire.gz
d093d8cb,gz/pcgacha.pipo_black.dashhoop.ice.gz
c1d887b5,gz/pcgacha.pipo_black.mecabo.fire.gz
71ca2cb0,gz/pcgacha.pipo_black.mecabo.ice.gz
c5693c5d,gz/pcgacha.pipo_black.mecabo.thunder.gz
55eb0cb5,gz/pcgacha.pipo_black.mecayonku.ice.gz
42c5de15,gz/pcgacha.pipo_black.pachinga.fire.gz
9ec9ab90,gz/pcgacha.pipo_black.pachinga.ice.gz
2556d0fb,gz/pcgacha.pipo_black.tank.ice.gz
62944cdc,gz/pcgacha.pipo_black.tobitonbo.blade.gz
9d1fd97b,gz/pcgacha.pipo_black.tobitonbo.gride.gz
97695c45,gz/pcgacha.pipo_black.tobitonbo.speed.gz
052a9d78,gz/pcgacha.pipo_black.water.ice.gz
a628032a,gz/pcgacha.pipo_blue.boat.ice.gz
f1fbee7b,gz/pcgacha.pipo_blue.dashhoop.fire.gz
5e55827e,gz/pcgacha.pipo_blue.dashhoop.ice.gz
5607d69b,gz/pcgacha.pipo_blue.mecabo.ice.gz
61b2680f,gz/pcgacha.pipo_blue.mecabo.normal.gz
d60dba98,gz/pcgacha.pipo_blue.mecabo.thunder.gz
d2e89394,gz/pcgacha.pipo_blue.mecayonku.ice.gz
bfc364f4,gz/pcgacha.pipo_blue.pachinga.fire.gz
2c8b5543,gz/pcgacha.pipo_blue.pachinga.ice.gz
c1ae0717,gz/pcgacha.pipo_blue.pachinga.normal.gz
883d9dde,gz/pcgacha.pipo_blue.tank.ice.gz
ca5a8b63,gz/pcgacha.pipo_blue.tobitonbo.blade.gz
04e61802,gz/pcgacha.pipo_blue.tobitonbo.gride.gz
ff2f9acc,gz/pcgacha.pipo_blue.tobitonbo.speed.gz
50863a47,gz/pcgacha.pipo_blue.water.ice.gz
bedf0461,gz/pcgacha.pipo_cyan.boat.ice.gz
1dad873e,gz/pcgacha.pipo_cyan.dashhoop.fire.gz
6d5a4f45,gz/pcgacha.pipo_cyan.dashhoop.ice.gz
fabf64d1,gz/pcgacha.pipo_cyan.dashhoop.normal.gz
e8ad7627,gz/pcgacha.pipo_cyan.mecabo.fire.gz
80ad55ba,gz/pcgacha.pipo_cyan.mecabo.ice.gz
8d6400d2,gz/pcgacha.pipo_cyan.mecabo.normal.gz
26b8cec7,gz/pcgacha.pipo_cyan.mecabo.thunder.gz
fe9a2c57,gz/pcgacha.pipo_cyan.mecayonku.ice.gz
eb74fdb7,gz/pcgacha.pipo_cyan.pachinga.fire.gz
3b90220a,gz/pcgacha.pipo_cyan.pachinga.ice.gz
6a67f1e2,gz/pcgacha.pipo_cyan.pachinga.normal.gz
a0f49f15,gz/pcgacha.pipo_cyan.tank.ice.gz
7314762e,gz/pcgacha.pipo_cyan.tobitonbo.blade.gz
ada002cd,gz/pcgacha.pipo_cyan.tobitonbo.gride.gz
fee9a1db,gz/pcgacha.pipo_cyan.tobitonbo.normal.gz
a7e98597,gz/pcgacha.pipo_cyan.tobitonbo.speed.gz
e2f9673a,gz/pcgacha.pipo_cyan.water.ice.gz
fa97381b,gz/pcgacha.pipo_green.boat.ice.gz
49e57500,gz/pcgacha.pipo_green.dashhoop.fire.gz
acd1715f,gz/pcgacha.pipo_green.dashhoop.ice.gz
71d5d743,gz/pcgacha.pipo_green.dashhoop.normal.gz
36803fb9,gz/pcgacha.pipo_green.mecabo.fire.gz
dcb9f364,gz/pcgacha.pipo_green.mecabo.ice.gz
b99bee94,gz/pcgacha.pipo_green.mecabo.normal.gz
8ace2bd1,gz/pcgacha.pipo_green.mecabo.thunder.gz
2ad21a19,gz/pcgacha.pipo_green.mecayonku.ice.gz
17aceb79,gz/pcgacha.pipo_green.pachinga.fire.gz
7b074424,gz/pcgacha.pipo_green.pachinga.ice.gz
e17e6454,gz/pcgacha.pipo_green.pachinga.normal.gz
dcacd2cf,gz/pcgacha.pipo_green.tank.ice.gz
ea2ae8a0,gz/pcgacha.pipo_green.tobitonbo.blade.gz
24b6753f,gz/pcgacha.pipo_green.tobitonbo.gride.gz
35282c55,gz/pcgacha.pipo_green.tobitonbo.normal.gz
1efff809,gz/pcgacha.pipo_green.tobitonbo.speed.gz
8498e11c,gz/pcgacha.pipo_green.water.ice.gz
b9912a75,gz/pcgacha.pipo_red.boat.ice.gz
2a6d3de2,gz/pcgacha.pipo_red.dashhoop.fire.gz
5fdc0819,gz/pcgacha.pipo_red.dashhoop.ice.gz
235af6ae,gz/pcgacha.pipo_red.mecabo.ice.gz
fe6e347b,gz/pcgacha.pipo_red.mecabo.thunder.gz
0b59e2fb,gz/pcgacha.pipo_red.mecayonku.ice.gz
f834b45b,gz/pcgacha.pipo_red.pachinga.fire.gz
2e11dade,gz/pcgacha.pipo_red.pachinga.ice.gz
9ba6c529,gz/pcgacha.pipo_red.tank.ice.gz
a04c2932,gz/pcgacha.pipo_red.tobitonbo.blade.gz
dad7b5d1,gz/pcgacha.pipo_red.tobitonbo.gride.gz
d521389b,gz/pcgacha.pipo_red.tobitonbo.speed.gz
1eb8e81e,gz/pcgacha.pipo_red.water.ice.gz
59b13e52,gz/pcgacha.piposaru.boat.ice.gz
be7c36c3,gz/pcgacha.piposaru.dashhoop.fire.gz
5605f326,gz/pcgacha.piposaru.dashhoop.ice.gz
56bff034,gz/pcgacha.piposaru.mecabo.fire.gz
64982d00,gz/pcgacha.piposaru.mecabo.thunder.gz
9f68dbdc,gz/pcgacha.piposaru.mecayonku.ice.gz
8c43ad3c,gz/pcgacha.piposaru.pachinga.fire.gz
243bc5eb,gz/pcgacha.piposaru.pachinga.ice.gz
3bc6d906,gz/pcgacha.piposaru.tank.ice.gz
645d146b,gz/pcgacha.piposaru.tobitonbo.blade.gz
9ee8a10a,gz/pcgacha.piposaru.tobitonbo.gride.gz
993223d4,gz/pcgacha.piposaru.tobitonbo.speed.gz
435bc70f,gz/pcgacha.piposaru.water.ice.gz
1ab52175,gz/pcgacha.tron_blue.boat.ice.gz
726fc0e2,gz/pcgacha.tron_blue.dashhoop.fire.gz
315f8f19,gz/pcgacha.tron_blue.dashhoop.ice.gz
f4e4f46b,gz/pcgacha.tron_blue.mecabo.fire.gz
9caed5ae,gz/pcgacha.tron_blue.mecabo.ice.gz
66cb237b,gz/pcgacha.tron_blue.mecabo.thunder.gz
535c65fb,gz/pcgacha.tron_blue.mecayonku.ice.gz
4037375b,gz/pcgacha.tron_blue.pachinga.fire.gz
ff9561de,gz/pcgacha.tron_blue.pachinga.ice.gz
fccabc29,gz/pcgacha.tron_blue.tank.ice.gz
b5bab432,gz/pcgacha.tron_blue.tobitonbo.blade.gz
f04640d1,gz/pcgacha.tron_blue.tobitonbo.gride.gz
ea8fc39b,gz/pcgacha.tron_blue.tobitonbo.speed.gz
28eb9b1e,gz/pcgacha.tron_blue.water.ice.gz
d8648c24,gz/pcgacha.tron_red.boat.ice.gz
fd774a7d,gz/pcgacha.tron_red.dashhoop.fire.gz
95fee5d8,gz/pcgacha.tron_red.dashhoop.ice.gz
b26cb87e,gz/pcgacha.tron_red.mecabo.fire.gz
fbc05785,gz/pcgacha.tron_red.mecabo.ice.gz
7ee206e2,gz/pcgacha.tron_red.mecabo.thunder.gz
de63ef96,gz/pcgacha.tron_red.mecayonku.ice.gz
cb3ec0f6,gz/pcgacha.tron_red.pachinga.fire.gz
6434b89d,gz/pcgacha.tron_red.pachinga.ice.gz
ba7a26d8,gz/pcgacha.tron_red.tank.ice.gz
31099215,gz/pcgacha.tron_red.tobitonbo.blade.gz
6b951eb4,gz/pcgacha.tron_red.tobitonbo.gride.gz
65dea17e,gz/pcgacha.tron_red.tobitonbo.speed.gz
93460669,gz/pcgacha.tron_red.water.ice.gz
a811be22,gz/pcgacha.tron_yellow.dashhoop.fire.gz
f48d7359,gz/pcgacha.tron_yellow.dashhoop.ice.gz
b4faf3ab,gz/pcgacha.tron_yellow.mecabo.fire.gz
c47813ee,gz/pcgacha.tron_yellow.mecabo.ice.gz
2734bdbb,gz/pcgacha.tron_yellow.mecabo.thunder.gz
88fe633b,gz/pcgacha.tron_yellow.mecayonku.ice.gz
75d9349b,gz/pcgacha.tron_yellow.pachinga.fire.gz
c2c3461e,gz/pcgacha.tron_yellow.pachinga.ice.gz
330ce469,gz/pcgacha.tron_yellow.tank.ice.gz
84fdff72,gz/pcgacha.tron_yellow.tobitonbo.blade.gz
bf898c11,gz/pcgacha.tron_yellow.tobitonbo.gride.gz
b9d30edb,gz/pcgacha.tron_yellow.tobitonbo.speed.gz
007b6c5e,gz/pcgacha.tron_yellow.water.ice.gz
4a3e3955,gz/pcgacha.tual.boat.ice.gz
97ad5e42,gz/pcgacha.tual.dashhoop.fire.gz
f41c08f9,gz/pcgacha.tual.dashhoop.ice.gz
7d9df0cb,gz/pcgacha.tual.mecabo.fire.gz
d0cf828e,gz/pcgacha.tual.mecabo.ice.gz
c8b2e25b,gz/pcgacha.tual.mecabo.thunder.gz
789a035b,gz/pcgacha.tual.mecayonku.ice.gz
6574d4bb,gz/pcgacha.tual.pachinga.fire.gz
c251dbbe,gz/pcgacha.tual.pachinga.ice.gz
2c53d409,gz/pcgacha.tual.tank.ice.gz
dc394a92,gz/pcgacha.tual.tobitonbo.blade.gz
16c4d731,gz/pcgacha.tual.tobitonbo.gride.gz
07bc0e7e,gz/pcgacha.tual.water.ice.gz
33a852d0,gz/pcgacha.hakase.boat.ice.gz
e1e10f99,gz/pcgacha.hakase.dashhoop.fire.gz
79930dc4,gz/pcgacha.hakase.dashhoop.ice.gz
a3d196fa,gz/pcgacha.hakase.mecabo.fire.gz
0931c551,gz/pcgacha.hakase.mecabo.ice.gz
822b83ee,gz/pcgacha.hakase.mecabo.thunder.gz
c2cdb4b2,gz/pcgacha.hakase.mecayonku.ice.gz
afa88612,gz/pcgacha.hakase.pachinga.fire.gz
47c8e089,gz/pcgacha.hakase.pachinga.ice.gz
15bded84,gz/pcgacha.hakase.tank.ice.gz
aaa8a4d1,gz/pcgacha.hakase.tobitonbo.blade.gz
e5343170,gz/pcgacha.hakase.tobitonbo.gride.gz
df7db43a,gz/pcgacha.hakase.tobitonbo.speed.gz
c411bd45,gz/pcgacha.hakase.water.ice.gz
46be1813,gz/pcgacha.haruka.boat.ice.gz
37ecfe58,gz/pcgacha.haruka.dashhoop.fire.gz
f18589d7,gz/pcgacha.haruka.dashhoop.ice.gz
de6970d1,gz/pcgacha.haruka.mecabo.fire.gz
189da89c,gz/pcgacha.haruka.mecabo.ice.gz
f1e50589,gz/pcgacha.haruka.mecabo.thunder.gz
18d9a371,gz/pcgacha.haruka.mecayonku.ice.gz
bfbb5c9c,gz/pcgacha.haruka.pachinga.ice.gz
28d3b2c7,gz/pcgacha.haruka.tank.ice.gz
d0786038,gz/pcgacha.haruka.tobitonbo.blade.gz
0b03ecd7,gz/pcgacha.haruka.tobitonbo.gride.gz
054d6fa1,gz/pcgacha.haruka.tobitonbo.speed.gz
86373ff4,gz/pcgacha.haruka.water.ice.gz
f0b99aca,gz/gmenu_equip.pipo_red.gz
1e3b3c3f,gz/gmenu_equip.pipo_red.wear.gz
e1d46e6d,gz/gmenu_equip.tron_red.gz
1ab1e0de,gz/gmenu_equip.tron_red.wear.gz
e0ae73ed,gz/gmenu_equip.natsumi.gz
05a7745e,gz/gmenu_equip.natsumi.wear.gz
369ebaaa,gz/gmenu_equip.tual.gz
46db819f,gz/gmenu_equip.tual.wear.gz
3bdc36ac,gz/gstage.05_boss_hiroki1_taisen.gz
cdb82866,gz/gstage.06_dashfoop_1yosen_taisen.gz
66c67773,gz/gstage.07_mekayonku_1yosen_taisen.gz
89ac8e71,gz/gstage.10_mekabo_2yosen_taisen.gz
ea740f9b,gz/gstage.11_tobitonbo_2yosen_taisen.gz
ba375091,gz/gstage.12_pachinger_2yosen_taisen.gz
8dbd350a,gz/gstage.14_boss_spector1_taisen.gz
896e1dd7,gz/gstage.15_dashfoop_2yosen_taisen.gz
58e55974,gz/gstage.16_mekayonku_2yosen_taisen.gz
739f5b36,gz/pcsummon.saru02_hattori.gz
6577c5f4,gz/pcsummon.saru03_tutan.gz
281d763f,gz/pcsummon.saru04_pink.gz
3a50ef24,gz/pcsummon.saru06_monri.gz
24026cde,gz/pcsummon.saru07_ejimon.gz
341f2ab4,gz/pcsummon.saru08_red.gz
f456ba07,gz/pcsummon.saru09_afuro.gz
00d8474e,gz/pcsummon.saru10_pumpkin.gz
68e030d0,gz/pcsummon.saru11_bruce.gz
5b051d26,gz/pcsummon.saru12_musashi.gz
94934c89,gz/pcsummon.saru13_wat.gz
2740f516,gz/pcgacha.tual.dashhoop.thunder.gz
113bdb58,gz/pcgacha.tual.mecayonku.thunder.gz
4a9d588b,gz/pcgacha.tual.pachinga.thunder.gz
bde28e6c,gz/pcgacha.tual.mecayonku.fire.gz
695b4b05,gz/pcgacha.tron_red.dashhoop.thunder.gz
7411b2f3,gz/pcgacha.tron_red.mecayonku.fire.gz
f86d1fbe,gz/pcgacha.tron_red.mecayonku.normal.gz
9f0a46e3,gz/pcgacha.tron_red.mecayonku.thunder.gz
8cb7ae7a,gz/pcgacha.tron_red.pachinga.thunder.gz
10209db8,gz/pcgacha.tron_red.tank.normal.gz
1b2b32e5,gz/pcgacha.tron_red.water.normal.gz
50f749b5,gz/pcgacha.tron_yellow.boat.ice.gz
45fbc781,gz/pcgacha.tron_yellow.boat.normal.gz
8baf1976,gz/pcgacha.tron_yellow.dashhoop.thunder.gz
1c6469cc,gz/pcgacha.tron_yellow.mecayonku.fire.gz
1ac0ee2f,gz/pcgacha.tron_yellow.mecayonku.normal.gz
95271d38,gz/pcgacha.tron_yellow.mecayonku.thunder.gz
af0b7ceb,gz/pcgacha.tron_yellow.pachinga.thunder.gz
4fc2ea82,gz/pcgacha.pipo_blue.boat.normal.gz
920f534b,gz/pcgacha.pipo_blue.dashhoop.thunder.gz
cb3d66a9,gz/pcgacha.pipo_blue.mecayonku.fire.gz
810f7901,gz/pcgacha.pipo_blue.mecayonku.thunder.gz
b56bb6c0,gz/pcgacha.pipo_blue.pachinga.thunder.gz
1c75fbe6,gz/pcgacha.pipo_blue.tank.normal.gz
e381cf8b,gz/pcgacha.pipo_blue.water.normal.gz
79ae49fd,gz/pcgacha.pipo_cyan.boat.normal.gz
f4ee42a2,gz/pcgacha.pipo_cyan.dashhoop.thunder.gz
1be87ad8,gz/pcgacha.pipo_cyan.mecayonku.fire.gz
8400175b,gz/pcgacha.pipo_cyan.mecayonku.normal.gz
cb481094,gz/pcgacha.pipo_cyan.mecayonku.thunder.gz
184aa617,gz/pcgacha.pipo_cyan.pachinga.thunder.gz
46615b61,gz/pcgacha.pipo_cyan.tank.normal.gz
f2869c52,gz/pcgacha.pipo_cyan.water.normal.gz
c781138f,gz/pcgacha.pipo_green.boat.normal.gz
2b2ccd1c,gz/pcgacha.pipo_green.dashhoop.thunder.gz
7ffdd7e2,gz/pcgacha.pipo_green.mecayonku.fire.gz
ba3ea1d5,gz/pcgacha.pipo_green.mecayonku.normal.gz
a2521436,gz/pcgacha.pipo_green.mecayonku.thunder.gz
4e893091,gz/pcgacha.pipo_green.pachinga.thunder.gz
943424f3,gz/pcgacha.pipo_green.tank.normal.gz
fcc68d41,gz/pcgacha.pipo_red.boat.normal.gz
7dfb2236,gz/pcgacha.pipo_red.dashhoop.thunder.gz
f39de08c,gz/pcgacha.pipo_red.mecayonku.fire.gz
9a2460f8,gz/pcgacha.pipo_red.mecayonku.thunder.gz
a15785ab,gz/pcgacha.pipo_red.pachinga.thunder.gz
c9799ea5,gz/pcgacha.pipo_red.tank.normal.gz
e5085526,gz/pcgacha.pipo_red.water.normal.gz
e7c0c40a,gz/pcgacha.piposaru.boat.normal.gz
d46d2173,gz/pcgacha.piposaru.dashhoop.thunder.gz
59c7d911,gz/pcgacha.piposaru.mecayonku.fire.gz
189e44c9,gz/pcgacha.piposaru.mecayonku.thunder.gz
f7c984e8,gz/pcgacha.piposaru.pachinga.thunder.gz
85e5c841,gz/pcgacha.tron_blue.boat.normal.gz
5bfacf8c,gz/pcgacha.tron_blue.mecayonku.fire.gz
3649b3f8,gz/pcgacha.tron_blue.mecayonku.thunder.gz
ba519cab,gz/pcgacha.tron_blue.pachinga.thunder.gz
5298d9a5,gz/pcgacha.tron_blue.tank.normal.gz
b68bdc26,gz/pcgacha.tron_blue.water.normal.gz
745f1614,gz/pcgacha.haruka.dashhoop.thunder.gz
e714b19a,gz/pcgacha.haruka.mecayonku.fire.gz
3696a00e,gz/pcgacha.haruka.mecayonku.thunder.gz
97bb7989,gz/pcgacha.haruka.pachinga.thunder.gz
e7e6bf86,gz/pcgacha.kakeru.boat.normal.gz
2609f79f,gz/pcgacha.kakeru.dashhoop.thunder.gz
b5185f1d,gz/pcgacha.kakeru.mecayonku.fire.gz
b51bcc58,gz/pcgacha.kakeru.mecayonku.normal.gz
e4493925,gz/pcgacha.kakeru.mecayonku.thunder.gz
49665b14,gz/pcgacha.kakeru.pachinga.thunder.gz
b499d0ea,gz/pcgacha.kakeru.tank.normal.gz
e0af991f,gz/pcgacha.kakeru.water.normal.gz
4b660525,gz/pcgacha.natsumi.dashhoop.thunder.gz
4c675a13,gz/pcgacha.natsumi.mecayonku.fire.gz
4a972d83,gz/pcgacha.natsumi.mecayonku.thunder.gz
6ec2689a,gz/pcgacha.natsumi.pachinga.thunder.gz
82bc8f05,gz/pcgacha.natsumi.water.normal.gz
52d95b8b,gz/pcgacha.pipo_black.boat.normal.gz
926849c8,gz/pcgacha.pipo_black.dashhoop.thunder.gz
ba98e86e,gz/pcgacha.pipo_black.mecayonku.fire.gz
217a1e81,gz/pcgacha.pipo_black.mecayonku.normal.gz
8deb1912,gz/pcgacha.pipo_black.mecayonku.thunder.gz
b5c4ad3d,gz/pcgacha.pipo_black.pachinga.thunder.gz
55c025d8,gz/pcgacha.pipo_black.water.normal.gz
fd590031,gz/pcgacha.hakase.dashhoop.thunder.gz
20b563a6,gz/pcgacha.hakase.pachinga.thunder.gz
febf5ad1,gz/pcgacha.hakase.water.normal.gz
41447384,gz/gmenu.main0.ec.gz
e24ffccb,gz/gstage.03_pachinger_1yosen_taisen_4screen.gz
7fb0c1fc,gz/gstage.03_pachinger_1yosen_4screen.gz
cf99fc63,gz/gstage.04_bort_1yosen_4screen.gz
d7937927,gz/gstage.08_mizumeka_1yosen_4screen.gz
98ff7ddb,gz/gstage.09_tank_1yosen_4screen.gz
7e276c21,gz/gstage.12_pachinger_2yosen_4screen.gz
f96fb1ac,gz/gstage.12_pachinger_2yosen_taisen_4screen.gz
59ae4ef8,gz/gstage.13_bort_2yosen_4screen.gz
f8dff27c,gz/gstage.17_mizumeka_2yosen_4screen.gz
2313d070,gz/gstage.18_tank_2yosen_4screen.gz
237cce86,gz/gstage.21_kakutou_b_junketsu_4screen.gz
27b6fa09,gz/gstage.23_kakutou_c_junketsu_4screen.gz
c2fce48b,gz/gstage.24_athletic_b_junketsu_4screen.gz
7aa888c8,gz/gstage.25_mizumeka_junketsu_4screen.gz
cf9ba698,gz/gstage.28_bort_kesshou_4screen.gz
735accef,gz/gstage.30_kakutou_b_kesshou_4screen.gz
cb1938ce,gz/gstage.31_athletic_b_kesshou_4screen.gz
